--
-- PostgreSQL database dump
--

\restrict pzXVxhIkddtmQ0TwXPLFjwFYoFHIUqbhX8UFBAv80aHLYq9In9C2PqZHZwjJ90i

-- Dumped from database version 16.10
-- Dumped by pg_dump version 16.10

SET statement_timeout = 0;
SET lock_timeout = 0;
SET idle_in_transaction_session_timeout = 0;
SET client_encoding = 'UTF8';
SET standard_conforming_strings = on;
SELECT pg_catalog.set_config('search_path', '', false);
SET check_function_bodies = false;
SET xmloption = content;
SET client_min_messages = warning;
SET row_security = off;

SET default_tablespace = '';

SET default_table_access_method = heap;

--
-- Name: accounts_userprofile; Type: TABLE; Schema: public; Owner: POSTGRES
--

CREATE TABLE public.accounts_userprofile (
    id bigint NOT NULL,
    phone character varying(32) NOT NULL,
    avatar character varying(100),
    default_shipping_address character varying(500) NOT NULL,
    default_shipping_city character varying(100) NOT NULL,
    default_shipping_postcode character varying(20) NOT NULL,
    default_shipping_country character varying(100) NOT NULL,
    created_at timestamp with time zone NOT NULL,
    updated_at timestamp with time zone NOT NULL,
    user_id integer NOT NULL
);


ALTER TABLE public.accounts_userprofile OWNER TO "POSTGRES";

--
-- Name: accounts_userprofile_id_seq; Type: SEQUENCE; Schema: public; Owner: POSTGRES
--

ALTER TABLE public.accounts_userprofile ALTER COLUMN id ADD GENERATED BY DEFAULT AS IDENTITY (
    SEQUENCE NAME public.accounts_userprofile_id_seq
    START WITH 1
    INCREMENT BY 1
    NO MINVALUE
    NO MAXVALUE
    CACHE 1
);


--
-- Name: auth_group; Type: TABLE; Schema: public; Owner: POSTGRES
--

CREATE TABLE public.auth_group (
    id integer NOT NULL,
    name character varying(150) NOT NULL
);


ALTER TABLE public.auth_group OWNER TO "POSTGRES";

--
-- Name: auth_group_id_seq; Type: SEQUENCE; Schema: public; Owner: POSTGRES
--

ALTER TABLE public.auth_group ALTER COLUMN id ADD GENERATED BY DEFAULT AS IDENTITY (
    SEQUENCE NAME public.auth_group_id_seq
    START WITH 1
    INCREMENT BY 1
    NO MINVALUE
    NO MAXVALUE
    CACHE 1
);


--
-- Name: auth_group_permissions; Type: TABLE; Schema: public; Owner: POSTGRES
--

CREATE TABLE public.auth_group_permissions (
    id bigint NOT NULL,
    group_id integer NOT NULL,
    permission_id integer NOT NULL
);


ALTER TABLE public.auth_group_permissions OWNER TO "POSTGRES";

--
-- Name: auth_group_permissions_id_seq; Type: SEQUENCE; Schema: public; Owner: POSTGRES
--

ALTER TABLE public.auth_group_permissions ALTER COLUMN id ADD GENERATED BY DEFAULT AS IDENTITY (
    SEQUENCE NAME public.auth_group_permissions_id_seq
    START WITH 1
    INCREMENT BY 1
    NO MINVALUE
    NO MAXVALUE
    CACHE 1
);


--
-- Name: auth_permission; Type: TABLE; Schema: public; Owner: POSTGRES
--

CREATE TABLE public.auth_permission (
    id integer NOT NULL,
    name character varying(255) NOT NULL,
    content_type_id integer NOT NULL,
    codename character varying(100) NOT NULL
);


ALTER TABLE public.auth_permission OWNER TO "POSTGRES";

--
-- Name: auth_permission_id_seq; Type: SEQUENCE; Schema: public; Owner: POSTGRES
--

ALTER TABLE public.auth_permission ALTER COLUMN id ADD GENERATED BY DEFAULT AS IDENTITY (
    SEQUENCE NAME public.auth_permission_id_seq
    START WITH 1
    INCREMENT BY 1
    NO MINVALUE
    NO MAXVALUE
    CACHE 1
);


--
-- Name: auth_user; Type: TABLE; Schema: public; Owner: POSTGRES
--

CREATE TABLE public.auth_user (
    id integer NOT NULL,
    password character varying(128) NOT NULL,
    last_login timestamp with time zone,
    is_superuser boolean NOT NULL,
    username character varying(150) NOT NULL,
    first_name character varying(150) NOT NULL,
    last_name character varying(150) NOT NULL,
    email character varying(254) NOT NULL,
    is_staff boolean NOT NULL,
    is_active boolean NOT NULL,
    date_joined timestamp with time zone NOT NULL
);


ALTER TABLE public.auth_user OWNER TO "POSTGRES";

--
-- Name: auth_user_groups; Type: TABLE; Schema: public; Owner: POSTGRES
--

CREATE TABLE public.auth_user_groups (
    id bigint NOT NULL,
    user_id integer NOT NULL,
    group_id integer NOT NULL
);


ALTER TABLE public.auth_user_groups OWNER TO "POSTGRES";

--
-- Name: auth_user_groups_id_seq; Type: SEQUENCE; Schema: public; Owner: POSTGRES
--

ALTER TABLE public.auth_user_groups ALTER COLUMN id ADD GENERATED BY DEFAULT AS IDENTITY (
    SEQUENCE NAME public.auth_user_groups_id_seq
    START WITH 1
    INCREMENT BY 1
    NO MINVALUE
    NO MAXVALUE
    CACHE 1
);


--
-- Name: auth_user_id_seq; Type: SEQUENCE; Schema: public; Owner: POSTGRES
--

ALTER TABLE public.auth_user ALTER COLUMN id ADD GENERATED BY DEFAULT AS IDENTITY (
    SEQUENCE NAME public.auth_user_id_seq
    START WITH 1
    INCREMENT BY 1
    NO MINVALUE
    NO MAXVALUE
    CACHE 1
);


--
-- Name: auth_user_user_permissions; Type: TABLE; Schema: public; Owner: POSTGRES
--

CREATE TABLE public.auth_user_user_permissions (
    id bigint NOT NULL,
    user_id integer NOT NULL,
    permission_id integer NOT NULL
);


ALTER TABLE public.auth_user_user_permissions OWNER TO "POSTGRES";

--
-- Name: auth_user_user_permissions_id_seq; Type: SEQUENCE; Schema: public; Owner: POSTGRES
--

ALTER TABLE public.auth_user_user_permissions ALTER COLUMN id ADD GENERATED BY DEFAULT AS IDENTITY (
    SEQUENCE NAME public.auth_user_user_permissions_id_seq
    START WITH 1
    INCREMENT BY 1
    NO MINVALUE
    NO MAXVALUE
    CACHE 1
);


--
-- Name: content_post; Type: TABLE; Schema: public; Owner: POSTGRES
--

CREATE TABLE public.content_post (
    id bigint NOT NULL,
    slug character varying(255) NOT NULL,
    title character varying(255) NOT NULL,
    summary character varying(500) NOT NULL,
    body text NOT NULL,
    meta_title character varying(255) NOT NULL,
    meta_description character varying(500) NOT NULL,
    meta_keywords character varying(255) NOT NULL,
    author_id integer,
    og_image character varying(100),
    is_published boolean NOT NULL,
    published_at timestamp with time zone,
    created_at timestamp with time zone NOT NULL,
    updated_at timestamp with time zone NOT NULL
);


ALTER TABLE public.content_post OWNER TO "POSTGRES";

--
-- Name: content_post_id_seq; Type: SEQUENCE; Schema: public; Owner: POSTGRES
--

ALTER TABLE public.content_post ALTER COLUMN id ADD GENERATED BY DEFAULT AS IDENTITY (
    SEQUENCE NAME public.content_post_id_seq
    START WITH 1
    INCREMENT BY 1
    NO MINVALUE
    NO MAXVALUE
    CACHE 1
);


--
-- Name: django_admin_log; Type: TABLE; Schema: public; Owner: POSTGRES
--

CREATE TABLE public.django_admin_log (
    id integer NOT NULL,
    action_time timestamp with time zone NOT NULL,
    object_id text,
    object_repr character varying(200) NOT NULL,
    action_flag smallint NOT NULL,
    change_message text NOT NULL,
    content_type_id integer,
    user_id integer NOT NULL,
    CONSTRAINT django_admin_log_action_flag_check CHECK ((action_flag >= 0))
);


ALTER TABLE public.django_admin_log OWNER TO "POSTGRES";

--
-- Name: django_admin_log_id_seq; Type: SEQUENCE; Schema: public; Owner: POSTGRES
--

ALTER TABLE public.django_admin_log ALTER COLUMN id ADD GENERATED BY DEFAULT AS IDENTITY (
    SEQUENCE NAME public.django_admin_log_id_seq
    START WITH 1
    INCREMENT BY 1
    NO MINVALUE
    NO MAXVALUE
    CACHE 1
);


--
-- Name: django_content_type; Type: TABLE; Schema: public; Owner: POSTGRES
--

CREATE TABLE public.django_content_type (
    id integer NOT NULL,
    app_label character varying(100) NOT NULL,
    model character varying(100) NOT NULL
);


ALTER TABLE public.django_content_type OWNER TO "POSTGRES";

--
-- Name: django_content_type_id_seq; Type: SEQUENCE; Schema: public; Owner: POSTGRES
--

ALTER TABLE public.django_content_type ALTER COLUMN id ADD GENERATED BY DEFAULT AS IDENTITY (
    SEQUENCE NAME public.django_content_type_id_seq
    START WITH 1
    INCREMENT BY 1
    NO MINVALUE
    NO MAXVALUE
    CACHE 1
);


--
-- Name: django_migrations; Type: TABLE; Schema: public; Owner: POSTGRES
--

CREATE TABLE public.django_migrations (
    id bigint NOT NULL,
    app character varying(255) NOT NULL,
    name character varying(255) NOT NULL,
    applied timestamp with time zone NOT NULL
);


ALTER TABLE public.django_migrations OWNER TO "POSTGRES";

--
-- Name: django_migrations_id_seq; Type: SEQUENCE; Schema: public; Owner: POSTGRES
--

ALTER TABLE public.django_migrations ALTER COLUMN id ADD GENERATED BY DEFAULT AS IDENTITY (
    SEQUENCE NAME public.django_migrations_id_seq
    START WITH 1
    INCREMENT BY 1
    NO MINVALUE
    NO MAXVALUE
    CACHE 1
);


--
-- Name: django_session; Type: TABLE; Schema: public; Owner: POSTGRES
--

CREATE TABLE public.django_session (
    session_key character varying(40) NOT NULL,
    session_data text NOT NULL,
    expire_date timestamp with time zone NOT NULL
);


ALTER TABLE public.django_session OWNER TO "POSTGRES";

--
-- Name: shop_cart; Type: TABLE; Schema: public; Owner: POSTGRES
--

CREATE TABLE public.shop_cart (
    id uuid NOT NULL,
    created_at timestamp with time zone NOT NULL,
    updated_at timestamp with time zone NOT NULL,
    user_id integer
);


ALTER TABLE public.shop_cart OWNER TO "POSTGRES";

--
-- Name: shop_cartitem; Type: TABLE; Schema: public; Owner: POSTGRES
--

CREATE TABLE public.shop_cartitem (
    id bigint NOT NULL,
    quantity integer NOT NULL,
    created_at timestamp with time zone NOT NULL,
    updated_at timestamp with time zone NOT NULL,
    cart_id uuid NOT NULL,
    product_id bigint NOT NULL,
    CONSTRAINT shop_cartitem_quantity_check CHECK ((quantity >= 0))
);


ALTER TABLE public.shop_cartitem OWNER TO "POSTGRES";

--
-- Name: shop_cartitem_id_seq; Type: SEQUENCE; Schema: public; Owner: POSTGRES
--

ALTER TABLE public.shop_cartitem ALTER COLUMN id ADD GENERATED BY DEFAULT AS IDENTITY (
    SEQUENCE NAME public.shop_cartitem_id_seq
    START WITH 1
    INCREMENT BY 1
    NO MINVALUE
    NO MAXVALUE
    CACHE 1
);


--
-- Name: shop_category; Type: TABLE; Schema: public; Owner: POSTGRES
--

CREATE TABLE public.shop_category (
    id bigint NOT NULL,
    name character varying(255) NOT NULL,
    slug character varying(255) NOT NULL,
    description text NOT NULL,
    is_active boolean NOT NULL,
    created_at timestamp with time zone NOT NULL,
    updated_at timestamp with time zone NOT NULL,
    meta_title character varying(255) NOT NULL,
    meta_description character varying(500) NOT NULL
);


ALTER TABLE public.shop_category OWNER TO "POSTGRES";

--
-- Name: shop_category_id_seq; Type: SEQUENCE; Schema: public; Owner: POSTGRES
--

ALTER TABLE public.shop_category ALTER COLUMN id ADD GENERATED BY DEFAULT AS IDENTITY (
    SEQUENCE NAME public.shop_category_id_seq
    START WITH 1
    INCREMENT BY 1
    NO MINVALUE
    NO MAXVALUE
    CACHE 1
);


--
-- Name: shop_order; Type: TABLE; Schema: public; Owner: POSTGRES
--

CREATE TABLE public.shop_order (
    id bigint NOT NULL,
    status character varying(20) NOT NULL,
    payment_status character varying(20) NOT NULL,
    subtotal_amount numeric(10,2) NOT NULL,
    shipping_amount numeric(10,2) NOT NULL,
    total_amount numeric(10,2) NOT NULL,
    currency character varying(3) NOT NULL,
    customer_email character varying(254) NOT NULL,
    customer_phone character varying(32) NOT NULL,
    shipping_full_name character varying(255) NOT NULL,
    shipping_address character varying(500) NOT NULL,
    shipping_city character varying(100) NOT NULL,
    shipping_postcode character varying(20) NOT NULL,
    shipping_country character varying(100) NOT NULL,
    notes text NOT NULL,
    placed_at timestamp with time zone NOT NULL,
    updated_at timestamp with time zone NOT NULL,
    cart_id uuid,
    user_id integer,
    deleted_at timestamp with time zone
);


ALTER TABLE public.shop_order OWNER TO "POSTGRES";

--
-- Name: shop_order_id_seq; Type: SEQUENCE; Schema: public; Owner: POSTGRES
--

ALTER TABLE public.shop_order ALTER COLUMN id ADD GENERATED BY DEFAULT AS IDENTITY (
    SEQUENCE NAME public.shop_order_id_seq
    START WITH 1
    INCREMENT BY 1
    NO MINVALUE
    NO MAXVALUE
    CACHE 1
);


--
-- Name: shop_orderitem; Type: TABLE; Schema: public; Owner: POSTGRES
--

CREATE TABLE public.shop_orderitem (
    id bigint NOT NULL,
    product_name character varying(255) NOT NULL,
    unit_price numeric(10,2) NOT NULL,
    quantity integer NOT NULL,
    line_total numeric(10,2) NOT NULL,
    order_id bigint NOT NULL,
    product_id bigint NOT NULL,
    CONSTRAINT shop_orderitem_quantity_check CHECK ((quantity >= 0))
);


ALTER TABLE public.shop_orderitem OWNER TO "POSTGRES";

--
-- Name: shop_orderitem_id_seq; Type: SEQUENCE; Schema: public; Owner: POSTGRES
--

ALTER TABLE public.shop_orderitem ALTER COLUMN id ADD GENERATED BY DEFAULT AS IDENTITY (
    SEQUENCE NAME public.shop_orderitem_id_seq
    START WITH 1
    INCREMENT BY 1
    NO MINVALUE
    NO MAXVALUE
    CACHE 1
);


--
-- Name: shop_product; Type: TABLE; Schema: public; Owner: POSTGRES
--

CREATE TABLE public.shop_product (
    id bigint NOT NULL,
    name character varying(255) NOT NULL,
    slug character varying(255) NOT NULL,
    sku character varying(64) NOT NULL,
    short_description character varying(500) NOT NULL,
    description text NOT NULL,
    price numeric(10,2) NOT NULL,
    currency character varying(3) NOT NULL,
    stock integer NOT NULL,
    is_active boolean NOT NULL,
    created_at timestamp with time zone NOT NULL,
    updated_at timestamp with time zone NOT NULL,
    category_id bigint NOT NULL,
    deleted_at timestamp with time zone,
    meta_title character varying(255) NOT NULL,
    meta_description character varying(500) NOT NULL,
    meta_keywords character varying(255) NOT NULL,
    CONSTRAINT shop_product_stock_check CHECK ((stock >= 0))
);


ALTER TABLE public.shop_product OWNER TO "POSTGRES";

--
-- Name: shop_product_id_seq; Type: SEQUENCE; Schema: public; Owner: POSTGRES
--

ALTER TABLE public.shop_product ALTER COLUMN id ADD GENERATED BY DEFAULT AS IDENTITY (
    SEQUENCE NAME public.shop_product_id_seq
    START WITH 1
    INCREMENT BY 1
    NO MINVALUE
    NO MAXVALUE
    CACHE 1
);


--
-- Name: shop_productimage; Type: TABLE; Schema: public; Owner: POSTGRES
--

CREATE TABLE public.shop_productimage (
    id bigint NOT NULL,
    image character varying(100) NOT NULL,
    alt_text character varying(255) NOT NULL,
    is_main boolean NOT NULL,
    created_at timestamp with time zone NOT NULL,
    product_id bigint NOT NULL
);


ALTER TABLE public.shop_productimage OWNER TO "POSTGRES";

--
-- Name: shop_productimage_id_seq; Type: SEQUENCE; Schema: public; Owner: POSTGRES
--

ALTER TABLE public.shop_productimage ALTER COLUMN id ADD GENERATED BY DEFAULT AS IDENTITY (
    SEQUENCE NAME public.shop_productimage_id_seq
    START WITH 1
    INCREMENT BY 1
    NO MINVALUE
    NO MAXVALUE
    CACHE 1
);


--
-- Name: shop_productreview; Type: TABLE; Schema: public; Owner: POSTGRES
--

CREATE TABLE public.shop_productreview (
    id bigint NOT NULL,
    deleted_at timestamp with time zone,
    rating smallint NOT NULL,
    title character varying(255) NOT NULL,
    body text NOT NULL,
    verified_purchase boolean NOT NULL,
    moderation_status character varying(20) NOT NULL,
    moderation_note text NOT NULL,
    moderated_at timestamp with time zone,
    created_at timestamp with time zone NOT NULL,
    updated_at timestamp with time zone NOT NULL,
    moderated_by_id integer,
    product_id bigint NOT NULL,
    user_id integer,
    author_name character varying(255) NOT NULL,
    CONSTRAINT product_review_rating_range CHECK (((rating >= 1) AND (rating <= 5))),
    CONSTRAINT shop_productreview_rating_check CHECK ((rating >= 0))
);


ALTER TABLE public.shop_productreview OWNER TO "POSTGRES";

--
-- Name: shop_productreview_id_seq; Type: SEQUENCE; Schema: public; Owner: POSTGRES
--

ALTER TABLE public.shop_productreview ALTER COLUMN id ADD GENERATED BY DEFAULT AS IDENTITY (
    SEQUENCE NAME public.shop_productreview_id_seq
    START WITH 1
    INCREMENT BY 1
    NO MINVALUE
    NO MAXVALUE
    CACHE 1
);


--
-- Name: taggit_tag; Type: TABLE; Schema: public; Owner: POSTGRES
--

CREATE TABLE public.taggit_tag (
    id integer NOT NULL,
    name character varying(100) NOT NULL,
    slug character varying(100) NOT NULL
);


ALTER TABLE public.taggit_tag OWNER TO "POSTGRES";

--
-- Name: taggit_tag_id_seq; Type: SEQUENCE; Schema: public; Owner: POSTGRES
--

ALTER TABLE public.taggit_tag ALTER COLUMN id ADD GENERATED BY DEFAULT AS IDENTITY (
    SEQUENCE NAME public.taggit_tag_id_seq
    START WITH 1
    INCREMENT BY 1
    NO MINVALUE
    NO MAXVALUE
    CACHE 1
);


--
-- Name: taggit_taggeditem; Type: TABLE; Schema: public; Owner: POSTGRES
--

CREATE TABLE public.taggit_taggeditem (
    id integer NOT NULL,
    object_id integer NOT NULL,
    content_type_id integer NOT NULL,
    tag_id integer NOT NULL
);


ALTER TABLE public.taggit_taggeditem OWNER TO "POSTGRES";

--
-- Name: taggit_taggeditem_id_seq; Type: SEQUENCE; Schema: public; Owner: POSTGRES
--

ALTER TABLE public.taggit_taggeditem ALTER COLUMN id ADD GENERATED BY DEFAULT AS IDENTITY (
    SEQUENCE NAME public.taggit_taggeditem_id_seq
    START WITH 1
    INCREMENT BY 1
    NO MINVALUE
    NO MAXVALUE
    CACHE 1
);


--
-- Data for Name: accounts_userprofile; Type: TABLE DATA; Schema: public; Owner: POSTGRES
--

COPY public.accounts_userprofile (id, phone, avatar, default_shipping_address, default_shipping_city, default_shipping_postcode, default_shipping_country, created_at, updated_at, user_id) FROM stdin;
1	+4790157113		Prestgarden 14	vik i sogn	6893	Норвегия	2025-10-16 06:51:54.346112+00	2025-10-16 16:29:57.07513+00	2
3							2025-10-17 10:27:29.616246+00	2025-10-17 10:27:29.616264+00	4
4							2025-10-17 11:55:44.418047+00	2025-10-17 20:17:53.592638+00	5
5							2025-10-18 17:39:50.190559+00	2025-10-18 17:39:50.190577+00	6
2	+4790157113		Prestgarden 14	vik i sogn	6893	Норвегия	2025-10-16 17:55:22.961915+00	2025-10-18 19:24:20.287747+00	3
6							2025-10-31 11:55:11.44132+00	2025-10-31 11:55:11.441337+00	7
\.


--
-- Data for Name: auth_group; Type: TABLE DATA; Schema: public; Owner: POSTGRES
--

COPY public.auth_group (id, name) FROM stdin;
\.


--
-- Data for Name: auth_group_permissions; Type: TABLE DATA; Schema: public; Owner: POSTGRES
--

COPY public.auth_group_permissions (id, group_id, permission_id) FROM stdin;
\.


--
-- Data for Name: auth_permission; Type: TABLE DATA; Schema: public; Owner: POSTGRES
--

COPY public.auth_permission (id, name, content_type_id, codename) FROM stdin;
1	Can add log entry	1	add_logentry
2	Can change log entry	1	change_logentry
3	Can delete log entry	1	delete_logentry
4	Can view log entry	1	view_logentry
5	Can add permission	2	add_permission
6	Can change permission	2	change_permission
7	Can delete permission	2	delete_permission
8	Can view permission	2	view_permission
9	Can add group	3	add_group
10	Can change group	3	change_group
11	Can delete group	3	delete_group
12	Can view group	3	view_group
13	Can add user	4	add_user
14	Can change user	4	change_user
15	Can delete user	4	delete_user
16	Can view user	4	view_user
17	Can add content type	5	add_contenttype
18	Can change content type	5	change_contenttype
19	Can delete content type	5	delete_contenttype
20	Can view content type	5	view_contenttype
21	Can add session	6	add_session
22	Can change session	6	change_session
23	Can delete session	6	delete_session
24	Can view session	6	view_session
25	Can add Заказ	7	add_order
26	Can change Заказ	7	change_order
27	Can delete Заказ	7	delete_order
28	Can view Заказ	7	view_order
29	Can add Изображение товара	8	add_productimage
30	Can change Изображение товара	8	change_productimage
31	Can delete Изображение товара	8	delete_productimage
32	Can view Изображение товара	8	view_productimage
33	Can add Категория	9	add_category
34	Can change Категория	9	change_category
35	Can delete Категория	9	delete_category
36	Can view Категория	9	view_category
37	Can add Позиция в корзине	10	add_cartitem
38	Can change Позиция в корзине	10	change_cartitem
39	Can delete Позиция в корзине	10	delete_cartitem
40	Can view Позиция в корзине	10	view_cartitem
41	Can add Товар	11	add_product
42	Can change Товар	11	change_product
43	Can delete Товар	11	delete_product
44	Can view Товар	11	view_product
45	Can add Корзина	12	add_cart
46	Can change Корзина	12	change_cart
47	Can delete Корзина	12	delete_cart
48	Can view Корзина	12	view_cart
49	Can add Позиция заказа	13	add_orderitem
50	Can change Позиция заказа	13	change_orderitem
51	Can delete Позиция заказа	13	delete_orderitem
52	Can view Позиция заказа	13	view_orderitem
53	Can add Профиль пользователя	14	add_userprofile
54	Can change Профиль пользователя	14	change_userprofile
55	Can delete Профиль пользователя	14	delete_userprofile
56	Can view Профиль пользователя	14	view_userprofile
57	Can add tag	15	add_tag
58	Can change tag	15	change_tag
59	Can delete tag	15	delete_tag
60	Can view tag	15	view_tag
61	Can add tagged item	16	add_taggeditem
62	Can change tagged item	16	change_taggeditem
63	Can delete tagged item	16	delete_taggeditem
64	Can view tagged item	16	view_taggeditem
65	Can add Запись	17	add_post
66	Can change Запись	17	change_post
67	Can delete Запись	17	delete_post
68	Can view Запись	17	view_post
69	Can add Отзыв о товаре	18	add_productreview
70	Can change Отзыв о товаре	18	change_productreview
71	Can delete Отзыв о товаре	18	delete_productreview
72	Can view Отзыв о товаре	18	view_productreview
\.


--
-- Data for Name: auth_user; Type: TABLE DATA; Schema: public; Owner: POSTGRES
--

COPY public.auth_user (id, password, last_login, is_superuser, username, first_name, last_name, email, is_staff, is_active, date_joined) FROM stdin;
1	pbkdf2_sha256$720000$eytfaUTgGeiu9yyzK7s7G5$MO8dhn7MNiSdYrPf4K8UZT1pqVWUrhmv8PoNARJbMhw=	2025-10-15 16:12:24.045351+00	t	admin			nitro04724@gmail.com	t	t	2025-10-15 16:11:49.48808+00
2	pbkdf2_sha256$720000$V2OY45E8XfKRwpiFnAHNbI$K038SyALnatoNkJFlFez5naLU0HDcZa74Lvbp42HK8k=	2025-10-16 06:51:55.288999+00	f	stas	Stanislav	Stankevych	nitro04724@gmail.com	f	t	2025-10-16 06:51:54.340446+00
4	pbkdf2_sha256$720000$XzqrEjKWJJHFDqck3bI66F$7p1BNsUWzjIMZ/eWSciB71svizibXsI+LOiqqcGnn1c=	2025-10-17 10:36:56.42642+00	f	testuser			test@example.com	f	t	2025-10-17 10:27:29.602104+00
6	!zObSVkn11hHznd54gKlrlGQmwCPBM6tDIT5QU5nM	\N	f	guest-verification	Guest	Verify	guest-verification@example.com	f	t	2025-10-18 17:39:50.183804+00
3	pbkdf2_sha256$720000$pu9iDUf15xIsQ36GBdn3QB$UlyE0VQ5/A6cAC0Be70i9ygBxRxVI8cUG35GyqLo56U=	2025-10-17 21:47:29.709877+00	f	OlgaStetcenko	Olga	Stetsenko	nitro04719@gmail.com	f	t	2025-10-16 17:55:22.945807+00
5	pbkdf2_sha256$720000$GUpmL3VkG7nCMbEj8JbAfk$klWG+VpV0WXCjln+iIcBsuP1XJ/JymKV/aFDRjMaLCg=	2025-10-18 19:45:28.055074+00	f	stas2	Olga	Stetsenko	stecenko10@gmail.com	f	t	2025-10-17 11:55:44.408229+00
7	pbkdf2_sha256$720000$LSbNFlzXWYyLhkso2ui6Wd$cCof5tEbNrdNiENIOqGtim4KyuByyZmbHrxV7rdA9mU=	2025-10-31 11:56:57.35906+00	t	strenger			nitro04719@gmail.com	t	t	2025-10-31 11:55:11.023878+00
\.


--
-- Data for Name: auth_user_groups; Type: TABLE DATA; Schema: public; Owner: POSTGRES
--

COPY public.auth_user_groups (id, user_id, group_id) FROM stdin;
\.


--
-- Data for Name: auth_user_user_permissions; Type: TABLE DATA; Schema: public; Owner: POSTGRES
--

COPY public.auth_user_user_permissions (id, user_id, permission_id) FROM stdin;
\.


--
-- Data for Name: content_post; Type: TABLE DATA; Schema: public; Owner: POSTGRES
--

COPY public.content_post (id, slug, title, summary, body, meta_title, meta_description, meta_keywords, author_id, og_image, is_published, published_at, created_at, updated_at) FROM stdin;
\.


--
-- Data for Name: django_admin_log; Type: TABLE DATA; Schema: public; Owner: POSTGRES
--

COPY public.django_admin_log (id, action_time, object_id, object_repr, action_flag, change_message, content_type_id, user_id) FROM stdin;
1	2025-10-15 18:01:17.001762+00	1	Sport	1	[{"added": {}}]	9	1
2	2025-10-15 18:05:52.654842+00	1	Спортивная куртка	1	[{"added": {}}, {"added": {"name": "\\u0418\\u0437\\u043e\\u0431\\u0440\\u0430\\u0436\\u0435\\u043d\\u0438\\u0435 \\u0442\\u043e\\u0432\\u0430\\u0440\\u0430", "object": "\\u0421\\u043f\\u043e\\u0440\\u0442\\u0438\\u0432\\u043d\\u0430\\u044f \\u043a\\u0443\\u0440\\u0442\\u043a\\u0430 image"}}]	11	1
3	2025-10-18 05:26:47.200289+00	171	Умная зубная щётка SmileCare Sonic Variant 104	2	[{"changed": {"fields": ["Description"]}}, {"added": {"name": "\\u0418\\u0437\\u043e\\u0431\\u0440\\u0430\\u0436\\u0435\\u043d\\u0438\\u0435 \\u0442\\u043e\\u0432\\u0430\\u0440\\u0430", "object": "\\u0423\\u043c\\u043d\\u0430\\u044f \\u0437\\u0443\\u0431\\u043d\\u0430\\u044f \\u0449\\u0451\\u0442\\u043a\\u0430 SmileCare Sonic Variant 104 image"}}, {"changed": {"name": "\\u0418\\u0437\\u043e\\u0431\\u0440\\u0430\\u0436\\u0435\\u043d\\u0438\\u0435 \\u0442\\u043e\\u0432\\u0430\\u0440\\u0430", "object": "\\u0423\\u043c\\u043d\\u0430\\u044f \\u0437\\u0443\\u0431\\u043d\\u0430\\u044f \\u0449\\u0451\\u0442\\u043a\\u0430 SmileCare Sonic Variant 104 image", "fields": ["Image"]}}]	11	1
4	2025-10-18 05:32:43.910757+00	171	Умная зубная щётка SmileCare Sonic Variant 104	2	[]	11	1
5	2025-10-18 05:33:10.542409+00	178	Умная зубная щётка SmileCare Sonic Variant 104 image	2	[{"changed": {"fields": ["Image", "Is main"]}}]	8	1
6	2025-10-18 13:33:12.197687+00	1	Test1	1	[{"added": {}}]	17	1
7	2025-10-18 13:33:20.04831+00	1	Test1	2	[]	17	1
8	2025-10-19 20:20:54.612753+00	1	Аромадиффузор Breeze Variant 100 review by OlgaStetcenko	1	[{"added": {}}]	18	1
9	2025-10-19 20:22:51.55545+00	58ce6936-9bf0-42ed-a69a-7631de18ba76	Cart 58ce6936-9bf0-42ed-a69a-7631de18ba76	2	[{"changed": {"fields": ["User"]}}]	12	1
\.


--
-- Data for Name: django_content_type; Type: TABLE DATA; Schema: public; Owner: POSTGRES
--

COPY public.django_content_type (id, app_label, model) FROM stdin;
1	admin	logentry
2	auth	permission
3	auth	group
4	auth	user
5	contenttypes	contenttype
6	sessions	session
7	shop	order
8	shop	productimage
9	shop	category
10	shop	cartitem
11	shop	product
12	shop	cart
13	shop	orderitem
14	accounts	userprofile
15	taggit	tag
16	taggit	taggeditem
17	content	post
18	shop	productreview
\.


--
-- Data for Name: django_migrations; Type: TABLE DATA; Schema: public; Owner: POSTGRES
--

COPY public.django_migrations (id, app, name, applied) FROM stdin;
1	contenttypes	0001_initial	2025-10-15 15:57:15.176826+00
2	auth	0001_initial	2025-10-15 15:57:15.385649+00
3	admin	0001_initial	2025-10-15 15:57:15.441401+00
4	admin	0002_logentry_remove_auto_add	2025-10-15 15:57:15.451491+00
5	admin	0003_logentry_add_action_flag_choices	2025-10-15 15:57:15.462589+00
6	contenttypes	0002_remove_content_type_name	2025-10-15 15:57:15.485619+00
7	auth	0002_alter_permission_name_max_length	2025-10-15 15:57:15.499264+00
8	auth	0003_alter_user_email_max_length	2025-10-15 15:57:15.514456+00
9	auth	0004_alter_user_username_opts	2025-10-15 15:57:15.525883+00
10	auth	0005_alter_user_last_login_null	2025-10-15 15:57:15.538387+00
11	auth	0006_require_contenttypes_0002	2025-10-15 15:57:15.542184+00
12	auth	0007_alter_validators_add_error_messages	2025-10-15 15:57:15.553619+00
13	auth	0008_alter_user_username_max_length	2025-10-15 15:57:15.576096+00
14	auth	0009_alter_user_last_name_max_length	2025-10-15 15:57:15.58883+00
15	auth	0010_alter_group_name_max_length	2025-10-15 15:57:15.605327+00
16	auth	0011_update_proxy_permissions	2025-10-15 15:57:15.616436+00
17	auth	0012_alter_user_first_name_max_length	2025-10-15 15:57:15.630433+00
18	sessions	0001_initial	2025-10-15 15:57:15.673793+00
19	shop	0001_initial	2025-10-15 16:01:38.134262+00
20	accounts	0001_initial	2025-10-16 06:42:52.0673+00
21	shop	0002_soft_delete	2025-10-17 21:24:47.575985+00
22	shop	0003_meta_for_seo	2025-10-18 11:06:58.174912+00
23	taggit	0001_initial	2025-10-18 11:53:16.870597+00
24	taggit	0002_auto_20150616_2121	2025-10-18 11:53:16.886386+00
25	taggit	0003_taggeditem_add_unique_index	2025-10-18 11:53:16.907279+00
26	taggit	0004_alter_taggeditem_content_type_alter_taggeditem_tag	2025-10-18 11:53:16.951338+00
27	taggit	0005_auto_20220424_2025	2025-10-18 11:53:16.961731+00
28	taggit	0006_rename_taggeditem_content_type_object_id_taggit_tagg_content_8fc721_idx	2025-10-18 11:53:17.022652+00
30	content	0001_initial	2025-10-18 16:22:32.583011+00
31	shop	0004_productreview_and_more	2025-10-19 19:45:51.004831+00
32	shop	0005_productreview_guest_comments	2025-10-24 08:29:46.527547+00
\.


--
-- Data for Name: django_session; Type: TABLE DATA; Schema: public; Owner: POSTGRES
--

COPY public.django_session (session_key, session_data, expire_date) FROM stdin;
yqhoh8hntb8fkehcxwon81qlgzk7hdt5	.eJxVjMsOwiAQRf-FtSED5enSvd9ABhikaiAp7cr479qkC93ec859sYDbWsM2aAlzZmcm2Ol3i5ge1HaQ79hunafe1mWOfFf4QQe_9kzPy-H-HVQc9VsXnbJXakIlQdBE0YDD4rxBMtJ7AZPPpigEC2CVzpIwJq1lKslacJ69P9cFN3c:1v946y:n194jN6dNfBxiR7SwelhH-nMM_mK2B391t6lmfOs4jc	2025-10-29 16:12:24.050309+00
n9ri059alrnbsdvhul3a92463v7dooa2	.eJxVjDsOwjAQRO_iGln-s6ak5wzW2mvjALKlOKkQdyeRUkAzxbw382YB16WGdeQ5TMQu7MxOv13E9MxtB_TAdu889bbMU-S7wg86-K1Tfl0P9--g4qjb2iqEopxFbdDDFhJkoViKKOCzs9E4aQnIWSWkF-SddkZZr4uQCUCzzxfQszbK:1vEnkX:Dv2FWpGKYfE0FXS1KqZBmJs3dT1kTdz5C5I9fUmyrnc	2025-11-14 11:56:57.367839+00
\.


--
-- Data for Name: shop_cart; Type: TABLE DATA; Schema: public; Owner: POSTGRES
--

COPY public.shop_cart (id, created_at, updated_at, user_id) FROM stdin;
49d1b023-1d5b-40b3-93bb-be4a8e658c3a	2025-10-17 20:19:08.475572+00	2025-10-17 20:19:08.4756+00	\N
bf6c4067-856b-438d-a6fa-57bde9d72426	2025-10-17 20:23:32.072887+00	2025-10-17 20:23:32.072907+00	\N
58ce6936-9bf0-42ed-a69a-7631de18ba76	2025-10-17 20:23:50.187616+00	2025-10-19 20:22:51.550998+00	3
\.


--
-- Data for Name: shop_cartitem; Type: TABLE DATA; Schema: public; Owner: POSTGRES
--

COPY public.shop_cartitem (id, quantity, created_at, updated_at, cart_id, product_id) FROM stdin;
5	1	2025-10-17 20:21:47.934596+00	2025-10-17 20:21:47.93462+00	49d1b023-1d5b-40b3-93bb-be4a8e658c3a	143
6	1	2025-10-17 20:23:32.113634+00	2025-10-17 20:23:32.113651+00	bf6c4067-856b-438d-a6fa-57bde9d72426	63
7	1	2025-10-17 20:23:50.235017+00	2025-10-17 20:23:50.235042+00	58ce6936-9bf0-42ed-a69a-7631de18ba76	80
\.


--
-- Data for Name: shop_category; Type: TABLE DATA; Schema: public; Owner: POSTGRES
--

COPY public.shop_category (id, name, slug, description, is_active, created_at, updated_at, meta_title, meta_description) FROM stdin;
49	Электроника	электроника	Последние модели смартфонов, ноутбуков и наушников для любых задач.	t	2025-10-17 20:03:41.968451+00	2025-10-17 20:03:41.968473+00		
50	Дом и уют	дом-и-уют	Товары для организации пространства, декор и освещение.	t	2025-10-17 20:03:41.981225+00	2025-10-17 20:03:41.98124+00		
51	Красота и здоровье	красота-и-здоровье	Уходовые средства, гаджеты для здоровья и красоты.	t	2025-10-17 20:03:41.984247+00	2025-10-17 20:03:41.984258+00		
52	Спорт и активный отдых	спорт-и-активный-отдых	Экипировка и аксессуары для тренировок и путешествий.	t	2025-10-17 20:03:41.986781+00	2025-10-17 20:03:41.98679+00		
53	Кухня и техника	кухня-и-техника	Бытовая техника и посуда для приготовления вкусных блюд.	t	2025-10-17 20:03:41.989484+00	2025-10-17 20:03:41.989495+00		
\.


--
-- Data for Name: shop_order; Type: TABLE DATA; Schema: public; Owner: POSTGRES
--

COPY public.shop_order (id, status, payment_status, subtotal_amount, shipping_amount, total_amount, currency, customer_email, customer_phone, shipping_full_name, shipping_address, shipping_city, shipping_postcode, shipping_country, notes, placed_at, updated_at, cart_id, user_id, deleted_at) FROM stdin;
5	pending	pending	2590.00	0.00	2590.00	RUB	guest-verification@example.com		Guest Verify	Test	Test		Russia		2025-10-18 17:39:50.202668+00	2025-10-18 17:39:50.203117+00	\N	6	\N
6	pending	pending	5180.00	0.00	5180.00	RUB	nitro04719@gmail.com	+4790157113	Olga Stetsenko	Prestgarden 14	vik i sogn	6893	Russia		2025-10-18 19:24:06.970786+00	2025-10-18 19:24:06.971221+00	\N	3	\N
7	pending	pending	3420.00	0.00	3420.00	RUB	stecenko10@gmail.com	+4790157113	Olga Stetsenko	Prestgarden 14	vik i sogn	6893	Russia		2025-10-19 19:47:20.245225+00	2025-10-19 19:47:20.245566+00	\N	5	\N
8	pending	pending	2590.00	0.00	2590.00	RUB	stecenko10@gmail.com	+4790157113	Olga Stetsenko	Prestgarden 14	vik i sogn	6893	Russia		2025-10-19 19:47:43.169549+00	2025-10-19 19:47:43.170041+00	\N	5	\N
\.


--
-- Data for Name: shop_orderitem; Type: TABLE DATA; Schema: public; Owner: POSTGRES
--

COPY public.shop_orderitem (id, product_name, unit_price, quantity, line_total, order_id, product_id) FROM stdin;
6	Аромадиффузор Breeze	2590.00	1	2590.00	5	63
7	Аромадиффузор Breeze Variant 108	1189.00	1	1189.00	6	175
8	Умная зубная щётка SmileCare Sonic Variant 112	3991.00	1	3991.00	6	179
9	Умная зубная щётка SmileCare Sonic Variant 104	3420.00	1	3420.00	7	171
10	Аромадиффузор Breeze	2590.00	1	2590.00	8	63
\.


--
-- Data for Name: shop_product; Type: TABLE DATA; Schema: public; Owner: POSTGRES
--

COPY public.shop_product (id, name, slug, sku, short_description, description, price, currency, stock, is_active, created_at, updated_at, category_id, deleted_at, meta_title, meta_description, meta_keywords) FROM stdin;
171	Умная зубная щётка SmileCare Sonic Variant 104	умная-зубная-щётка-smilecare-sonic-variant-104	SC-SONIC-VAR104	Чистка как в кабинете стоматолога. · Вариация 104	40 000 вибраций в минуту, 4 режима чистки, приложение для отслеживания прогресса.\r\n\r\nВариация №104 с уникальными характеристиками.	3420.00	RUB	34	t	2025-10-17 20:03:50.676506+00	2025-10-18 05:32:43.747405+00	51	\N			
60	Смартфон Nova X20	смартфон-nova-x20	NX20-BLK-256	Флагманский смартфон 2025 года.	Флагманский смартфон с экраном 6.7" AMOLED 120 Гц, тройной камерой 108 Мп и поддержкой 5G.	45990.00	RUB	25	t	2025-10-17 20:03:41.995561+00	2025-10-17 20:03:41.995573+00	49	\N			
61	Беспроводные наушники AirTune Pro	беспроводные-наушники-airtune-pro	AT-PRO-WHT	Наушники с ANC и прозрачным режимом.	Активное шумоподавление, до 36 часов автономной работы, поддержка беспроводной зарядки.	12990.00	RUB	80	t	2025-10-17 20:03:42.105046+00	2025-10-17 20:03:42.105058+00	49	\N			
62	Умная лампа Aurora Glow	умная-лампа-aurora-glow	AGLOW-01	Лампа с RGB и сценами освещения.	Виртуозная подсветка с миллионом оттенков, управлением через приложение и голосовых ассистентов.	3490.00	RUB	120	t	2025-10-17 20:03:42.17793+00	2025-10-17 20:03:42.177941+00	50	\N			
63	Аромадиффузор Breeze	аромадиффузор-breeze	BRZ-200	Увлажняет и наполняет дом ароматом.	Компактный ультразвуковой диффузор на 200 мл, автоотключение и подсветка.	2590.00	RUB	60	t	2025-10-17 20:03:42.263711+00	2025-10-17 20:03:42.263721+00	50	\N			
64	Фитнес-браслет PulseTrack 4	фитнес-браслет-pulsetrack-4	PT4-ONYX	Твой помощник для активной жизни.	Оптический датчик пульса, мониторинг сна, более 100 тренировок и NFC-оплата.	5990.00	RUB	150	t	2025-10-17 20:03:42.400104+00	2025-10-17 20:03:42.40012+00	52	\N			
65	Йогамат Balance Pro 6 мм	йогамат-balance-pro-6-мм	YOGA-BP-6	Универсальный коврик для тренировок.	Противоскользящая поверхность, усиленная плотность, в комплекте чехол и ремень.	2190.00	RUB	95	t	2025-10-17 20:03:42.476333+00	2025-10-17 20:03:42.476346+00	52	\N			
66	Блендер FreshMix 900	блендер-freshmix-900	FMX-900	Смузи, крем-супы и соусы за минуты.	Мощность 900 Вт, 5 режимов скорости, чаша из боросиликатного стекла 1.5 л.	7990.00	RUB	40	t	2025-10-17 20:03:42.550382+00	2025-10-17 20:03:42.550392+00	53	\N			
67	Умная зубная щётка SmileCare Sonic	умная-зубная-щётка-smilecare-sonic	SC-SONIC	Чистка как в кабинете стоматолога.	40 000 вибраций в минуту, 4 режима чистки, приложение для отслеживания прогресса.	3990.00	RUB	70	t	2025-10-17 20:03:42.621085+00	2025-10-17 20:03:42.621096+00	51	\N			
68	Смартфон Nova X20 Variant 1	смартфон-nova-x20-variant-1	NX20-BLK-256-VAR001	Флагманский смартфон 2025 года. · Вариация 1	Флагманский смартфон с экраном 6.7" AMOLED 120 Гц, тройной камерой 108 Мп и поддержкой 5G.\n\nВариация №1 с уникальными характеристиками.	45772.00	RUB	105	t	2025-10-17 20:03:42.699682+00	2025-10-17 20:03:42.699705+00	49	\N			
69	Беспроводные наушники AirTune Pro Variant 2	беспроводные-наушники-airtune-pro-variant-2	AT-PRO-WHT-VAR002	Наушники с ANC и прозрачным режимом. · Вариация 2	Активное шумоподавление, до 36 часов автономной работы, поддержка беспроводной зарядки.\n\nВариация №2 с уникальными характеристиками.	13886.00	RUB	188	t	2025-10-17 20:03:42.77278+00	2025-10-17 20:03:42.772791+00	49	\N			
70	Умная лампа Aurora Glow Variant 3	умная-лампа-aurora-glow-variant-3	AGLOW-01-VAR003	Лампа с RGB и сценами освещения. · Вариация 3	Виртуозная подсветка с миллионом оттенков, управлением через приложение и голосовых ассистентов.\n\nВариация №3 с уникальными характеристиками.	4243.00	RUB	16	t	2025-10-17 20:03:42.845553+00	2025-10-17 20:03:42.845564+00	50	\N			
71	Аромадиффузор Breeze Variant 4	аромадиффузор-breeze-variant-4	BRZ-200-VAR004	Увлажняет и наполняет дом ароматом. · Вариация 4	Компактный ультразвуковой диффузор на 200 мл, автоотключение и подсветка.\n\nВариация №4 с уникальными характеристиками.	3339.00	RUB	159	t	2025-10-17 20:03:42.922976+00	2025-10-17 20:03:42.922993+00	50	\N			
72	Фитнес-браслет PulseTrack 4 Variant 5	фитнес-браслет-pulsetrack-4-variant-5	PT4-ONYX-VAR005	Твой помощник для активной жизни. · Вариация 5	Оптический датчик пульса, мониторинг сна, более 100 тренировок и NFC-оплата.\n\nВариация №5 с уникальными характеристиками.	4619.00	RUB	92	t	2025-10-17 20:03:42.999184+00	2025-10-17 20:03:42.999199+00	52	\N			
73	Йогамат Balance Pro 6 мм Variant 6	йогамат-balance-pro-6-мм-variant-6	YOGA-BP-6-VAR006	Универсальный коврик для тренировок. · Вариация 6	Противоскользящая поверхность, усиленная плотность, в комплекте чехол и ремень.\n\nВариация №6 с уникальными характеристиками.	1027.00	RUB	100	t	2025-10-17 20:03:43.073985+00	2025-10-17 20:03:43.073997+00	52	\N			
74	Блендер FreshMix 900 Variant 7	блендер-freshmix-900-variant-7	FMX-900-VAR007	Смузи, крем-супы и соусы за минуты. · Вариация 7	Мощность 900 Вт, 5 режимов скорости, чаша из боросиликатного стекла 1.5 л.\n\nВариация №7 с уникальными характеристиками.	7139.00	RUB	53	t	2025-10-17 20:03:43.1461+00	2025-10-17 20:03:43.146111+00	53	\N			
75	Умная зубная щётка SmileCare Sonic Variant 8	умная-зубная-щётка-smilecare-sonic-variant-8	SC-SONIC-VAR008	Чистка как в кабинете стоматолога. · Вариация 8	40 000 вибраций в минуту, 4 режима чистки, приложение для отслеживания прогресса.\n\nВариация №8 с уникальными характеристиками.	4160.00	RUB	182	t	2025-10-17 20:03:43.227584+00	2025-10-17 20:03:43.227595+00	51	\N			
76	Смартфон Nova X20 Variant 9	смартфон-nova-x20-variant-9	NX20-BLK-256-VAR009	Флагманский смартфон 2025 года. · Вариация 9	Флагманский смартфон с экраном 6.7" AMOLED 120 Гц, тройной камерой 108 Мп и поддержкой 5G.\n\nВариация №9 с уникальными характеристиками.	47408.00	RUB	187	t	2025-10-17 20:03:43.299005+00	2025-10-17 20:03:43.299017+00	49	\N			
77	Беспроводные наушники AirTune Pro Variant 10	беспроводные-наушники-airtune-pro-variant-10	AT-PRO-WHT-VAR010	Наушники с ANC и прозрачным режимом. · Вариация 10	Активное шумоподавление, до 36 часов автономной работы, поддержка беспроводной зарядки.\n\nВариация №10 с уникальными характеристиками.	13251.00	RUB	74	t	2025-10-17 20:03:43.375409+00	2025-10-17 20:03:43.37542+00	49	\N			
78	Умная лампа Aurora Glow Variant 11	умная-лампа-aurora-glow-variant-11	AGLOW-01-VAR011	Лампа с RGB и сценами освещения. · Вариация 11	Виртуозная подсветка с миллионом оттенков, управлением через приложение и голосовых ассистентов.\n\nВариация №11 с уникальными характеристиками.	3683.00	RUB	115	t	2025-10-17 20:03:43.446706+00	2025-10-17 20:03:43.446717+00	50	\N			
79	Аромадиффузор Breeze Variant 12	аромадиффузор-breeze-variant-12	BRZ-200-VAR012	Увлажняет и наполняет дом ароматом. · Вариация 12	Компактный ультразвуковой диффузор на 200 мл, автоотключение и подсветка.\n\nВариация №12 с уникальными характеристиками.	2318.00	RUB	95	t	2025-10-17 20:03:43.520467+00	2025-10-17 20:03:43.520478+00	50	\N			
80	Фитнес-браслет PulseTrack 4 Variant 13	фитнес-браслет-pulsetrack-4-variant-13	PT4-ONYX-VAR013	Твой помощник для активной жизни. · Вариация 13	Оптический датчик пульса, мониторинг сна, более 100 тренировок и NFC-оплата.\n\nВариация №13 с уникальными характеристиками.	5052.00	RUB	23	t	2025-10-17 20:03:43.592098+00	2025-10-17 20:03:43.59211+00	52	\N			
81	Йогамат Balance Pro 6 мм Variant 14	йогамат-balance-pro-6-мм-variant-14	YOGA-BP-6-VAR014	Универсальный коврик для тренировок. · Вариация 14	Противоскользящая поверхность, усиленная плотность, в комплекте чехол и ремень.\n\nВариация №14 с уникальными характеристиками.	3171.00	RUB	27	t	2025-10-17 20:03:43.691337+00	2025-10-17 20:03:43.691348+00	52	\N			
82	Блендер FreshMix 900 Variant 15	блендер-freshmix-900-variant-15	FMX-900-VAR015	Смузи, крем-супы и соусы за минуты. · Вариация 15	Мощность 900 Вт, 5 режимов скорости, чаша из боросиликатного стекла 1.5 л.\n\nВариация №15 с уникальными характеристиками.	7937.00	RUB	178	t	2025-10-17 20:03:43.768592+00	2025-10-17 20:03:43.768604+00	53	\N			
83	Умная зубная щётка SmileCare Sonic Variant 16	умная-зубная-щётка-smilecare-sonic-variant-16	SC-SONIC-VAR016	Чистка как в кабинете стоматолога. · Вариация 16	40 000 вибраций в минуту, 4 режима чистки, приложение для отслеживания прогресса.\n\nВариация №16 с уникальными характеристиками.	2791.00	RUB	85	t	2025-10-17 20:03:43.843795+00	2025-10-17 20:03:43.843806+00	51	\N			
84	Смартфон Nova X20 Variant 17	смартфон-nova-x20-variant-17	NX20-BLK-256-VAR017	Флагманский смартфон 2025 года. · Вариация 17	Флагманский смартфон с экраном 6.7" AMOLED 120 Гц, тройной камерой 108 Мп и поддержкой 5G.\n\nВариация №17 с уникальными характеристиками.	45154.00	RUB	46	t	2025-10-17 20:03:43.925812+00	2025-10-17 20:03:43.925823+00	49	\N			
85	Беспроводные наушники AirTune Pro Variant 18	беспроводные-наушники-airtune-pro-variant-18	AT-PRO-WHT-VAR018	Наушники с ANC и прозрачным режимом. · Вариация 18	Активное шумоподавление, до 36 часов автономной работы, поддержка беспроводной зарядки.\n\nВариация №18 с уникальными характеристиками.	14814.00	RUB	178	t	2025-10-17 20:03:44.002506+00	2025-10-17 20:03:44.002517+00	49	\N			
86	Умная лампа Aurora Glow Variant 19	умная-лампа-aurora-glow-variant-19	AGLOW-01-VAR019	Лампа с RGB и сценами освещения. · Вариация 19	Виртуозная подсветка с миллионом оттенков, управлением через приложение и голосовых ассистентов.\n\nВариация №19 с уникальными характеристиками.	3307.00	RUB	88	t	2025-10-17 20:03:44.07385+00	2025-10-17 20:03:44.073862+00	50	\N			
87	Аромадиффузор Breeze Variant 20	аромадиффузор-breeze-variant-20	BRZ-200-VAR020	Увлажняет и наполняет дом ароматом. · Вариация 20	Компактный ультразвуковой диффузор на 200 мл, автоотключение и подсветка.\n\nВариация №20 с уникальными характеристиками.	3902.00	RUB	78	t	2025-10-17 20:03:44.143646+00	2025-10-17 20:03:44.143679+00	50	\N			
88	Фитнес-браслет PulseTrack 4 Variant 21	фитнес-браслет-pulsetrack-4-variant-21	PT4-ONYX-VAR021	Твой помощник для активной жизни. · Вариация 21	Оптический датчик пульса, мониторинг сна, более 100 тренировок и NFC-оплата.\n\nВариация №21 с уникальными характеристиками.	5080.00	RUB	14	t	2025-10-17 20:03:44.222665+00	2025-10-17 20:03:44.222676+00	52	\N			
89	Йогамат Balance Pro 6 мм Variant 22	йогамат-balance-pro-6-мм-variant-22	YOGA-BP-6-VAR022	Универсальный коврик для тренировок. · Вариация 22	Противоскользящая поверхность, усиленная плотность, в комплекте чехол и ремень.\n\nВариация №22 с уникальными характеристиками.	1542.00	RUB	156	t	2025-10-17 20:03:44.295652+00	2025-10-17 20:03:44.295666+00	52	\N			
90	Блендер FreshMix 900 Variant 23	блендер-freshmix-900-variant-23	FMX-900-VAR023	Смузи, крем-супы и соусы за минуты. · Вариация 23	Мощность 900 Вт, 5 режимов скорости, чаша из боросиликатного стекла 1.5 л.\n\nВариация №23 с уникальными характеристиками.	8367.00	RUB	28	t	2025-10-17 20:03:44.368974+00	2025-10-17 20:03:44.368984+00	53	\N			
91	Умная зубная щётка SmileCare Sonic Variant 24	умная-зубная-щётка-smilecare-sonic-variant-24	SC-SONIC-VAR024	Чистка как в кабинете стоматолога. · Вариация 24	40 000 вибраций в минуту, 4 режима чистки, приложение для отслеживания прогресса.\n\nВариация №24 с уникальными характеристиками.	4668.00	RUB	190	t	2025-10-17 20:03:44.44976+00	2025-10-17 20:03:44.449772+00	51	\N			
92	Смартфон Nova X20 Variant 25	смартфон-nova-x20-variant-25	NX20-BLK-256-VAR025	Флагманский смартфон 2025 года. · Вариация 25	Флагманский смартфон с экраном 6.7" AMOLED 120 Гц, тройной камерой 108 Мп и поддержкой 5G.\n\nВариация №25 с уникальными характеристиками.	45299.00	RUB	165	t	2025-10-17 20:03:44.522081+00	2025-10-17 20:03:44.522091+00	49	\N			
93	Беспроводные наушники AirTune Pro Variant 26	беспроводные-наушники-airtune-pro-variant-26	AT-PRO-WHT-VAR026	Наушники с ANC и прозрачным режимом. · Вариация 26	Активное шумоподавление, до 36 часов автономной работы, поддержка беспроводной зарядки.\n\nВариация №26 с уникальными характеристиками.	14226.00	RUB	102	t	2025-10-17 20:03:44.59246+00	2025-10-17 20:03:44.592472+00	49	\N			
94	Умная лампа Aurora Glow Variant 27	умная-лампа-aurora-glow-variant-27	AGLOW-01-VAR027	Лампа с RGB и сценами освещения. · Вариация 27	Виртуозная подсветка с миллионом оттенков, управлением через приложение и голосовых ассистентов.\n\nВариация №27 с уникальными характеристиками.	5412.00	RUB	33	t	2025-10-17 20:03:44.667875+00	2025-10-17 20:03:44.667885+00	50	\N			
95	Аромадиффузор Breeze Variant 28	аромадиффузор-breeze-variant-28	BRZ-200-VAR028	Увлажняет и наполняет дом ароматом. · Вариация 28	Компактный ультразвуковой диффузор на 200 мл, автоотключение и подсветка.\n\nВариация №28 с уникальными характеристиками.	1749.00	RUB	27	t	2025-10-17 20:03:44.738543+00	2025-10-17 20:03:44.738563+00	50	\N			
96	Фитнес-браслет PulseTrack 4 Variant 29	фитнес-браслет-pulsetrack-4-variant-29	PT4-ONYX-VAR029	Твой помощник для активной жизни. · Вариация 29	Оптический датчик пульса, мониторинг сна, более 100 тренировок и NFC-оплата.\n\nВариация №29 с уникальными характеристиками.	6278.00	RUB	176	t	2025-10-17 20:03:44.821259+00	2025-10-17 20:03:44.821277+00	52	\N			
97	Йогамат Balance Pro 6 мм Variant 30	йогамат-balance-pro-6-мм-variant-30	YOGA-BP-6-VAR030	Универсальный коврик для тренировок. · Вариация 30	Противоскользящая поверхность, усиленная плотность, в комплекте чехол и ремень.\n\nВариация №30 с уникальными характеристиками.	2894.00	RUB	79	t	2025-10-17 20:03:44.893196+00	2025-10-17 20:03:44.893206+00	52	\N			
98	Блендер FreshMix 900 Variant 31	блендер-freshmix-900-variant-31	FMX-900-VAR031	Смузи, крем-супы и соусы за минуты. · Вариация 31	Мощность 900 Вт, 5 режимов скорости, чаша из боросиликатного стекла 1.5 л.\n\nВариация №31 с уникальными характеристиками.	8293.00	RUB	12	t	2025-10-17 20:03:44.970223+00	2025-10-17 20:03:44.970233+00	53	\N			
99	Умная зубная щётка SmileCare Sonic Variant 32	умная-зубная-щётка-smilecare-sonic-variant-32	SC-SONIC-VAR032	Чистка как в кабинете стоматолога. · Вариация 32	40 000 вибраций в минуту, 4 режима чистки, приложение для отслеживания прогресса.\n\nВариация №32 с уникальными характеристиками.	3577.00	RUB	163	t	2025-10-17 20:03:45.044526+00	2025-10-17 20:03:45.044538+00	51	\N			
100	Смартфон Nova X20 Variant 33	смартфон-nova-x20-variant-33	NX20-BLK-256-VAR033	Флагманский смартфон 2025 года. · Вариация 33	Флагманский смартфон с экраном 6.7" AMOLED 120 Гц, тройной камерой 108 Мп и поддержкой 5G.\n\nВариация №33 с уникальными характеристиками.	44902.00	RUB	153	t	2025-10-17 20:03:45.120966+00	2025-10-17 20:03:45.120976+00	49	\N			
101	Беспроводные наушники AirTune Pro Variant 34	беспроводные-наушники-airtune-pro-variant-34	AT-PRO-WHT-VAR034	Наушники с ANC и прозрачным режимом. · Вариация 34	Активное шумоподавление, до 36 часов автономной работы, поддержка беспроводной зарядки.\n\nВариация №34 с уникальными характеристиками.	12879.00	RUB	118	t	2025-10-17 20:03:45.192673+00	2025-10-17 20:03:45.192685+00	49	\N			
102	Умная лампа Aurora Glow Variant 35	умная-лампа-aurora-glow-variant-35	AGLOW-01-VAR035	Лампа с RGB и сценами освещения. · Вариация 35	Виртуозная подсветка с миллионом оттенков, управлением через приложение и голосовых ассистентов.\n\nВариация №35 с уникальными характеристиками.	5188.00	RUB	80	t	2025-10-17 20:03:45.275546+00	2025-10-17 20:03:45.275557+00	50	\N			
103	Аромадиффузор Breeze Variant 36	аромадиффузор-breeze-variant-36	BRZ-200-VAR036	Увлажняет и наполняет дом ароматом. · Вариация 36	Компактный ультразвуковой диффузор на 200 мл, автоотключение и подсветка.\n\nВариация №36 с уникальными характеристиками.	2508.00	RUB	166	t	2025-10-17 20:03:45.34708+00	2025-10-17 20:03:45.347092+00	50	\N			
104	Фитнес-браслет PulseTrack 4 Variant 37	фитнес-браслет-pulsetrack-4-variant-37	PT4-ONYX-VAR037	Твой помощник для активной жизни. · Вариация 37	Оптический датчик пульса, мониторинг сна, более 100 тренировок и NFC-оплата.\n\nВариация №37 с уникальными характеристиками.	7414.00	RUB	150	t	2025-10-17 20:03:45.424119+00	2025-10-17 20:03:45.424129+00	52	\N			
105	Йогамат Balance Pro 6 мм Variant 38	йогамат-balance-pro-6-мм-variant-38	YOGA-BP-6-VAR038	Универсальный коврик для тренировок. · Вариация 38	Противоскользящая поверхность, усиленная плотность, в комплекте чехол и ремень.\n\nВариация №38 с уникальными характеристиками.	1947.00	RUB	43	t	2025-10-17 20:03:45.495429+00	2025-10-17 20:03:45.49544+00	52	\N			
106	Блендер FreshMix 900 Variant 39	блендер-freshmix-900-variant-39	FMX-900-VAR039	Смузи, крем-супы и соусы за минуты. · Вариация 39	Мощность 900 Вт, 5 режимов скорости, чаша из боросиликатного стекла 1.5 л.\n\nВариация №39 с уникальными характеристиками.	7840.00	RUB	98	t	2025-10-17 20:03:45.572055+00	2025-10-17 20:03:45.572066+00	53	\N			
107	Умная зубная щётка SmileCare Sonic Variant 40	умная-зубная-щётка-smilecare-sonic-variant-40	SC-SONIC-VAR040	Чистка как в кабинете стоматолога. · Вариация 40	40 000 вибраций в минуту, 4 режима чистки, приложение для отслеживания прогресса.\n\nВариация №40 с уникальными характеристиками.	4744.00	RUB	153	t	2025-10-17 20:03:45.644339+00	2025-10-17 20:03:45.644349+00	51	\N			
108	Смартфон Nova X20 Variant 41	смартфон-nova-x20-variant-41	NX20-BLK-256-VAR041	Флагманский смартфон 2025 года. · Вариация 41	Флагманский смартфон с экраном 6.7" AMOLED 120 Гц, тройной камерой 108 Мп и поддержкой 5G.\n\nВариация №41 с уникальными характеристиками.	45886.00	RUB	10	t	2025-10-17 20:03:45.719073+00	2025-10-17 20:03:45.719084+00	49	\N			
109	Беспроводные наушники AirTune Pro Variant 42	беспроводные-наушники-airtune-pro-variant-42	AT-PRO-WHT-VAR042	Наушники с ANC и прозрачным режимом. · Вариация 42	Активное шумоподавление, до 36 часов автономной работы, поддержка беспроводной зарядки.\n\nВариация №42 с уникальными характеристиками.	12022.00	RUB	28	t	2025-10-17 20:03:45.790013+00	2025-10-17 20:03:45.790024+00	49	\N			
110	Умная лампа Aurora Glow Variant 43	умная-лампа-aurora-glow-variant-43	AGLOW-01-VAR043	Лампа с RGB и сценами освещения. · Вариация 43	Виртуозная подсветка с миллионом оттенков, управлением через приложение и голосовых ассистентов.\n\nВариация №43 с уникальными характеристиками.	3254.00	RUB	32	t	2025-10-17 20:03:45.860482+00	2025-10-17 20:03:45.860492+00	50	\N			
111	Аромадиффузор Breeze Variant 44	аромадиффузор-breeze-variant-44	BRZ-200-VAR044	Увлажняет и наполняет дом ароматом. · Вариация 44	Компактный ультразвуковой диффузор на 200 мл, автоотключение и подсветка.\n\nВариация №44 с уникальными характеристиками.	3027.00	RUB	82	t	2025-10-17 20:03:45.934149+00	2025-10-17 20:03:45.93416+00	50	\N			
112	Фитнес-браслет PulseTrack 4 Variant 45	фитнес-браслет-pulsetrack-4-variant-45	PT4-ONYX-VAR045	Твой помощник для активной жизни. · Вариация 45	Оптический датчик пульса, мониторинг сна, более 100 тренировок и NFC-оплата.\n\nВариация №45 с уникальными характеристиками.	7338.00	RUB	128	t	2025-10-17 20:03:46.007818+00	2025-10-17 20:03:46.007829+00	52	\N			
113	Йогамат Balance Pro 6 мм Variant 46	йогамат-balance-pro-6-мм-variant-46	YOGA-BP-6-VAR046	Универсальный коврик для тренировок. · Вариация 46	Противоскользящая поверхность, усиленная плотность, в комплекте чехол и ремень.\n\nВариация №46 с уникальными характеристиками.	3356.00	RUB	15	t	2025-10-17 20:03:46.083934+00	2025-10-17 20:03:46.083945+00	52	\N			
114	Блендер FreshMix 900 Variant 47	блендер-freshmix-900-variant-47	FMX-900-VAR047	Смузи, крем-супы и соусы за минуты. · Вариация 47	Мощность 900 Вт, 5 режимов скорости, чаша из боросиликатного стекла 1.5 л.\n\nВариация №47 с уникальными характеристиками.	8879.00	RUB	78	t	2025-10-17 20:03:46.156366+00	2025-10-17 20:03:46.156377+00	53	\N			
115	Умная зубная щётка SmileCare Sonic Variant 48	умная-зубная-щётка-smilecare-sonic-variant-48	SC-SONIC-VAR048	Чистка как в кабинете стоматолога. · Вариация 48	40 000 вибраций в минуту, 4 режима чистки, приложение для отслеживания прогресса.\n\nВариация №48 с уникальными характеристиками.	4298.00	RUB	163	t	2025-10-17 20:03:46.249089+00	2025-10-17 20:03:46.2491+00	51	\N			
116	Смартфон Nova X20 Variant 49	смартфон-nova-x20-variant-49	NX20-BLK-256-VAR049	Флагманский смартфон 2025 года. · Вариация 49	Флагманский смартфон с экраном 6.7" AMOLED 120 Гц, тройной камерой 108 Мп и поддержкой 5G.\n\nВариация №49 с уникальными характеристиками.	47094.00	RUB	183	t	2025-10-17 20:03:46.389558+00	2025-10-17 20:03:46.389569+00	49	\N			
117	Беспроводные наушники AirTune Pro Variant 50	беспроводные-наушники-airtune-pro-variant-50	AT-PRO-WHT-VAR050	Наушники с ANC и прозрачным режимом. · Вариация 50	Активное шумоподавление, до 36 часов автономной работы, поддержка беспроводной зарядки.\n\nВариация №50 с уникальными характеристиками.	12035.00	RUB	53	t	2025-10-17 20:03:46.465773+00	2025-10-17 20:03:46.465784+00	49	\N			
118	Умная лампа Aurora Glow Variant 51	умная-лампа-aurora-glow-variant-51	AGLOW-01-VAR051	Лампа с RGB и сценами освещения. · Вариация 51	Виртуозная подсветка с миллионом оттенков, управлением через приложение и голосовых ассистентов.\n\nВариация №51 с уникальными характеристиками.	2209.00	RUB	132	t	2025-10-17 20:03:46.542908+00	2025-10-17 20:03:46.542919+00	50	\N			
119	Аромадиффузор Breeze Variant 52	аромадиффузор-breeze-variant-52	BRZ-200-VAR052	Увлажняет и наполняет дом ароматом. · Вариация 52	Компактный ультразвуковой диффузор на 200 мл, автоотключение и подсветка.\n\nВариация №52 с уникальными характеристиками.	3693.00	RUB	34	t	2025-10-17 20:03:46.616792+00	2025-10-17 20:03:46.616803+00	50	\N			
120	Фитнес-браслет PulseTrack 4 Variant 53	фитнес-браслет-pulsetrack-4-variant-53	PT4-ONYX-VAR053	Твой помощник для активной жизни. · Вариация 53	Оптический датчик пульса, мониторинг сна, более 100 тренировок и NFC-оплата.\n\nВариация №53 с уникальными характеристиками.	6561.00	RUB	63	t	2025-10-17 20:03:46.69629+00	2025-10-17 20:03:46.6963+00	52	\N			
121	Йогамат Balance Pro 6 мм Variant 54	йогамат-balance-pro-6-мм-variant-54	YOGA-BP-6-VAR054	Универсальный коврик для тренировок. · Вариация 54	Противоскользящая поверхность, усиленная плотность, в комплекте чехол и ремень.\n\nВариация №54 с уникальными характеристиками.	3128.00	RUB	22	t	2025-10-17 20:03:46.769865+00	2025-10-17 20:03:46.769877+00	52	\N			
122	Блендер FreshMix 900 Variant 55	блендер-freshmix-900-variant-55	FMX-900-VAR055	Смузи, крем-супы и соусы за минуты. · Вариация 55	Мощность 900 Вт, 5 режимов скорости, чаша из боросиликатного стекла 1.5 л.\n\nВариация №55 с уникальными характеристиками.	7373.00	RUB	65	t	2025-10-17 20:03:46.840199+00	2025-10-17 20:03:46.840209+00	53	\N			
123	Умная зубная щётка SmileCare Sonic Variant 56	умная-зубная-щётка-smilecare-sonic-variant-56	SC-SONIC-VAR056	Чистка как в кабинете стоматолога. · Вариация 56	40 000 вибраций в минуту, 4 режима чистки, приложение для отслеживания прогресса.\n\nВариация №56 с уникальными характеристиками.	3305.00	RUB	93	t	2025-10-17 20:03:46.913336+00	2025-10-17 20:03:46.913349+00	51	\N			
124	Смартфон Nova X20 Variant 57	смартфон-nova-x20-variant-57	NX20-BLK-256-VAR057	Флагманский смартфон 2025 года. · Вариация 57	Флагманский смартфон с экраном 6.7" AMOLED 120 Гц, тройной камерой 108 Мп и поддержкой 5G.\n\nВариация №57 с уникальными характеристиками.	47240.00	RUB	60	t	2025-10-17 20:03:46.988024+00	2025-10-17 20:03:46.988037+00	49	\N			
125	Беспроводные наушники AirTune Pro Variant 58	беспроводные-наушники-airtune-pro-variant-58	AT-PRO-WHT-VAR058	Наушники с ANC и прозрачным режимом. · Вариация 58	Активное шумоподавление, до 36 часов автономной работы, поддержка беспроводной зарядки.\n\nВариация №58 с уникальными характеристиками.	14072.00	RUB	177	t	2025-10-17 20:03:47.075797+00	2025-10-17 20:03:47.075829+00	49	\N			
126	Умная лампа Aurora Glow Variant 59	умная-лампа-aurora-glow-variant-59	AGLOW-01-VAR059	Лампа с RGB и сценами освещения. · Вариация 59	Виртуозная подсветка с миллионом оттенков, управлением через приложение и голосовых ассистентов.\n\nВариация №59 с уникальными характеристиками.	5386.00	RUB	170	t	2025-10-17 20:03:47.14889+00	2025-10-17 20:03:47.148903+00	50	\N			
127	Аромадиффузор Breeze Variant 60	аромадиффузор-breeze-variant-60	BRZ-200-VAR060	Увлажняет и наполняет дом ароматом. · Вариация 60	Компактный ультразвуковой диффузор на 200 мл, автоотключение и подсветка.\n\nВариация №60 с уникальными характеристиками.	4319.00	RUB	40	t	2025-10-17 20:03:47.227925+00	2025-10-17 20:03:47.227935+00	50	\N			
128	Фитнес-браслет PulseTrack 4 Variant 61	фитнес-браслет-pulsetrack-4-variant-61	PT4-ONYX-VAR061	Твой помощник для активной жизни. · Вариация 61	Оптический датчик пульса, мониторинг сна, более 100 тренировок и NFC-оплата.\n\nВариация №61 с уникальными характеристиками.	5237.00	RUB	50	t	2025-10-17 20:03:47.303688+00	2025-10-17 20:03:47.303699+00	52	\N			
129	Йогамат Balance Pro 6 мм Variant 62	йогамат-balance-pro-6-мм-variant-62	YOGA-BP-6-VAR062	Универсальный коврик для тренировок. · Вариация 62	Противоскользящая поверхность, усиленная плотность, в комплекте чехол и ремень.\n\nВариация №62 с уникальными характеристиками.	1998.00	RUB	96	t	2025-10-17 20:03:47.378956+00	2025-10-17 20:03:47.378987+00	52	\N			
130	Блендер FreshMix 900 Variant 63	блендер-freshmix-900-variant-63	FMX-900-VAR063	Смузи, крем-супы и соусы за минуты. · Вариация 63	Мощность 900 Вт, 5 режимов скорости, чаша из боросиликатного стекла 1.5 л.\n\nВариация №63 с уникальными характеристиками.	9178.00	RUB	64	t	2025-10-17 20:03:47.450206+00	2025-10-17 20:03:47.450217+00	53	\N			
131	Умная зубная щётка SmileCare Sonic Variant 64	умная-зубная-щётка-smilecare-sonic-variant-64	SC-SONIC-VAR064	Чистка как в кабинете стоматолога. · Вариация 64	40 000 вибраций в минуту, 4 режима чистки, приложение для отслеживания прогресса.\n\nВариация №64 с уникальными характеристиками.	5037.00	RUB	13	t	2025-10-17 20:03:47.529708+00	2025-10-17 20:03:47.529719+00	51	\N			
132	Смартфон Nova X20 Variant 65	смартфон-nova-x20-variant-65	NX20-BLK-256-VAR065	Флагманский смартфон 2025 года. · Вариация 65	Флагманский смартфон с экраном 6.7" AMOLED 120 Гц, тройной камерой 108 Мп и поддержкой 5G.\n\nВариация №65 с уникальными характеристиками.	47665.00	RUB	73	t	2025-10-17 20:03:47.600883+00	2025-10-17 20:03:47.600894+00	49	\N			
133	Беспроводные наушники AirTune Pro Variant 66	беспроводные-наушники-airtune-pro-variant-66	AT-PRO-WHT-VAR066	Наушники с ANC и прозрачным режимом. · Вариация 66	Активное шумоподавление, до 36 часов автономной работы, поддержка беспроводной зарядки.\n\nВариация №66 с уникальными характеристиками.	12294.00	RUB	39	t	2025-10-17 20:03:47.671701+00	2025-10-17 20:03:47.671713+00	49	\N			
134	Умная лампа Aurora Glow Variant 67	умная-лампа-aurora-glow-variant-67	AGLOW-01-VAR067	Лампа с RGB и сценами освещения. · Вариация 67	Виртуозная подсветка с миллионом оттенков, управлением через приложение и голосовых ассистентов.\n\nВариация №67 с уникальными характеристиками.	2876.00	RUB	96	t	2025-10-17 20:03:47.748724+00	2025-10-17 20:03:47.748736+00	50	\N			
135	Аромадиффузор Breeze Variant 68	аромадиффузор-breeze-variant-68	BRZ-200-VAR068	Увлажняет и наполняет дом ароматом. · Вариация 68	Компактный ультразвуковой диффузор на 200 мл, автоотключение и подсветка.\n\nВариация №68 с уникальными характеристиками.	1932.00	RUB	97	t	2025-10-17 20:03:47.822652+00	2025-10-17 20:03:47.822663+00	50	\N			
136	Фитнес-браслет PulseTrack 4 Variant 69	фитнес-браслет-pulsetrack-4-variant-69	PT4-ONYX-VAR069	Твой помощник для активной жизни. · Вариация 69	Оптический датчик пульса, мониторинг сна, более 100 тренировок и NFC-оплата.\n\nВариация №69 с уникальными характеристиками.	5168.00	RUB	18	t	2025-10-17 20:03:47.904126+00	2025-10-17 20:03:47.904143+00	52	\N			
137	Йогамат Balance Pro 6 мм Variant 70	йогамат-balance-pro-6-мм-variant-70	YOGA-BP-6-VAR070	Универсальный коврик для тренировок. · Вариация 70	Противоскользящая поверхность, усиленная плотность, в комплекте чехол и ремень.\n\nВариация №70 с уникальными характеристиками.	1566.00	RUB	84	t	2025-10-17 20:03:47.991428+00	2025-10-17 20:03:47.991455+00	52	\N			
138	Блендер FreshMix 900 Variant 71	блендер-freshmix-900-variant-71	FMX-900-VAR071	Смузи, крем-супы и соусы за минуты. · Вариация 71	Мощность 900 Вт, 5 режимов скорости, чаша из боросиликатного стекла 1.5 л.\n\nВариация №71 с уникальными характеристиками.	8981.00	RUB	185	t	2025-10-17 20:03:48.066949+00	2025-10-17 20:03:48.06696+00	53	\N			
139	Умная зубная щётка SmileCare Sonic Variant 72	умная-зубная-щётка-smilecare-sonic-variant-72	SC-SONIC-VAR072	Чистка как в кабинете стоматолога. · Вариация 72	40 000 вибраций в минуту, 4 режима чистки, приложение для отслеживания прогресса.\n\nВариация №72 с уникальными характеристиками.	4672.00	RUB	192	t	2025-10-17 20:03:48.141026+00	2025-10-17 20:03:48.141038+00	51	\N			
140	Смартфон Nova X20 Variant 73	смартфон-nova-x20-variant-73	NX20-BLK-256-VAR073	Флагманский смартфон 2025 года. · Вариация 73	Флагманский смартфон с экраном 6.7" AMOLED 120 Гц, тройной камерой 108 Мп и поддержкой 5G.\n\nВариация №73 с уникальными характеристиками.	47651.00	RUB	24	t	2025-10-17 20:03:48.220129+00	2025-10-17 20:03:48.220141+00	49	\N			
141	Беспроводные наушники AirTune Pro Variant 74	беспроводные-наушники-airtune-pro-variant-74	AT-PRO-WHT-VAR074	Наушники с ANC и прозрачным режимом. · Вариация 74	Активное шумоподавление, до 36 часов автономной работы, поддержка беспроводной зарядки.\n\nВариация №74 с уникальными характеристиками.	11584.00	RUB	54	t	2025-10-17 20:03:48.294246+00	2025-10-17 20:03:48.294262+00	49	\N			
142	Умная лампа Aurora Glow Variant 75	умная-лампа-aurora-glow-variant-75	AGLOW-01-VAR075	Лампа с RGB и сценами освещения. · Вариация 75	Виртуозная подсветка с миллионом оттенков, управлением через приложение и голосовых ассистентов.\n\nВариация №75 с уникальными характеристиками.	5196.00	RUB	186	t	2025-10-17 20:03:48.371617+00	2025-10-17 20:03:48.37163+00	50	\N			
143	Аромадиффузор Breeze Variant 76	аромадиффузор-breeze-variant-76	BRZ-200-VAR076	Увлажняет и наполняет дом ароматом. · Вариация 76	Компактный ультразвуковой диффузор на 200 мл, автоотключение и подсветка.\n\nВариация №76 с уникальными характеристиками.	3219.00	RUB	25	t	2025-10-17 20:03:48.445853+00	2025-10-17 20:03:48.445863+00	50	\N			
144	Фитнес-браслет PulseTrack 4 Variant 77	фитнес-браслет-pulsetrack-4-variant-77	PT4-ONYX-VAR077	Твой помощник для активной жизни. · Вариация 77	Оптический датчик пульса, мониторинг сна, более 100 тренировок и NFC-оплата.\n\nВариация №77 с уникальными характеристиками.	5753.00	RUB	20	t	2025-10-17 20:03:48.521774+00	2025-10-17 20:03:48.521789+00	52	\N			
145	Йогамат Balance Pro 6 мм Variant 78	йогамат-balance-pro-6-мм-variant-78	YOGA-BP-6-VAR078	Универсальный коврик для тренировок. · Вариация 78	Противоскользящая поверхность, усиленная плотность, в комплекте чехол и ремень.\n\nВариация №78 с уникальными характеристиками.	1343.00	RUB	137	t	2025-10-17 20:03:48.593736+00	2025-10-17 20:03:48.593758+00	52	\N			
146	Блендер FreshMix 900 Variant 79	блендер-freshmix-900-variant-79	FMX-900-VAR079	Смузи, крем-супы и соусы за минуты. · Вариация 79	Мощность 900 Вт, 5 режимов скорости, чаша из боросиликатного стекла 1.5 л.\n\nВариация №79 с уникальными характеристиками.	6514.00	RUB	104	t	2025-10-17 20:03:48.671475+00	2025-10-17 20:03:48.671487+00	53	\N			
147	Умная зубная щётка SmileCare Sonic Variant 80	умная-зубная-щётка-smilecare-sonic-variant-80	SC-SONIC-VAR080	Чистка как в кабинете стоматолога. · Вариация 80	40 000 вибраций в минуту, 4 режима чистки, приложение для отслеживания прогресса.\n\nВариация №80 с уникальными характеристиками.	3727.00	RUB	161	t	2025-10-17 20:03:48.74395+00	2025-10-17 20:03:48.743961+00	51	\N			
148	Смартфон Nova X20 Variant 81	смартфон-nova-x20-variant-81	NX20-BLK-256-VAR081	Флагманский смартфон 2025 года. · Вариация 81	Флагманский смартфон с экраном 6.7" AMOLED 120 Гц, тройной камерой 108 Мп и поддержкой 5G.\n\nВариация №81 с уникальными характеристиками.	44622.00	RUB	145	t	2025-10-17 20:03:48.823953+00	2025-10-17 20:03:48.823964+00	49	\N			
149	Беспроводные наушники AirTune Pro Variant 82	беспроводные-наушники-airtune-pro-variant-82	AT-PRO-WHT-VAR082	Наушники с ANC и прозрачным режимом. · Вариация 82	Активное шумоподавление, до 36 часов автономной работы, поддержка беспроводной зарядки.\n\nВариация №82 с уникальными характеристиками.	13287.00	RUB	28	t	2025-10-17 20:03:48.895307+00	2025-10-17 20:03:48.895318+00	49	\N			
150	Умная лампа Aurora Glow Variant 83	умная-лампа-aurora-glow-variant-83	AGLOW-01-VAR083	Лампа с RGB и сценами освещения. · Вариация 83	Виртуозная подсветка с миллионом оттенков, управлением через приложение и голосовых ассистентов.\n\nВариация №83 с уникальными характеристиками.	2282.00	RUB	122	t	2025-10-17 20:03:48.971302+00	2025-10-17 20:03:48.971314+00	50	\N			
151	Аромадиффузор Breeze Variant 84	аромадиффузор-breeze-variant-84	BRZ-200-VAR084	Увлажняет и наполняет дом ароматом. · Вариация 84	Компактный ультразвуковой диффузор на 200 мл, автоотключение и подсветка.\n\nВариация №84 с уникальными характеристиками.	2618.00	RUB	177	t	2025-10-17 20:03:49.050929+00	2025-10-17 20:03:49.050954+00	50	\N			
152	Фитнес-браслет PulseTrack 4 Variant 85	фитнес-браслет-pulsetrack-4-variant-85	PT4-ONYX-VAR085	Твой помощник для активной жизни. · Вариация 85	Оптический датчик пульса, мониторинг сна, более 100 тренировок и NFC-оплата.\n\nВариация №85 с уникальными характеристиками.	5394.00	RUB	163	t	2025-10-17 20:03:49.128172+00	2025-10-17 20:03:49.128183+00	52	\N			
153	Йогамат Balance Pro 6 мм Variant 86	йогамат-balance-pro-6-мм-variant-86	YOGA-BP-6-VAR086	Универсальный коврик для тренировок. · Вариация 86	Противоскользящая поверхность, усиленная плотность, в комплекте чехол и ремень.\n\nВариация №86 с уникальными характеристиками.	3311.00	RUB	83	t	2025-10-17 20:03:49.216449+00	2025-10-17 20:03:49.216459+00	52	\N			
154	Блендер FreshMix 900 Variant 87	блендер-freshmix-900-variant-87	FMX-900-VAR087	Смузи, крем-супы и соусы за минуты. · Вариация 87	Мощность 900 Вт, 5 режимов скорости, чаша из боросиликатного стекла 1.5 л.\n\nВариация №87 с уникальными характеристиками.	6911.00	RUB	154	t	2025-10-17 20:03:49.28702+00	2025-10-17 20:03:49.287033+00	53	\N			
155	Умная зубная щётка SmileCare Sonic Variant 88	умная-зубная-щётка-smilecare-sonic-variant-88	SC-SONIC-VAR088	Чистка как в кабинете стоматолога. · Вариация 88	40 000 вибраций в минуту, 4 режима чистки, приложение для отслеживания прогресса.\n\nВариация №88 с уникальными характеристиками.	3470.00	RUB	33	t	2025-10-17 20:03:49.368008+00	2025-10-17 20:03:49.368027+00	51	\N			
156	Смартфон Nova X20 Variant 89	смартфон-nova-x20-variant-89	NX20-BLK-256-VAR089	Флагманский смартфон 2025 года. · Вариация 89	Флагманский смартфон с экраном 6.7" AMOLED 120 Гц, тройной камерой 108 Мп и поддержкой 5G.\n\nВариация №89 с уникальными характеристиками.	47675.00	RUB	144	t	2025-10-17 20:03:49.442594+00	2025-10-17 20:03:49.44261+00	49	\N			
157	Беспроводные наушники AirTune Pro Variant 90	беспроводные-наушники-airtune-pro-variant-90	AT-PRO-WHT-VAR090	Наушники с ANC и прозрачным режимом. · Вариация 90	Активное шумоподавление, до 36 часов автономной работы, поддержка беспроводной зарядки.\n\nВариация №90 с уникальными характеристиками.	13417.00	RUB	105	t	2025-10-17 20:03:49.514129+00	2025-10-17 20:03:49.514143+00	49	\N			
158	Умная лампа Aurora Glow Variant 91	умная-лампа-aurora-glow-variant-91	AGLOW-01-VAR091	Лампа с RGB и сценами освещения. · Вариация 91	Виртуозная подсветка с миллионом оттенков, управлением через приложение и голосовых ассистентов.\n\nВариация №91 с уникальными характеристиками.	4431.00	RUB	145	t	2025-10-17 20:03:49.58841+00	2025-10-17 20:03:49.588425+00	50	\N			
159	Аромадиффузор Breeze Variant 92	аромадиффузор-breeze-variant-92	BRZ-200-VAR092	Увлажняет и наполняет дом ароматом. · Вариация 92	Компактный ультразвуковой диффузор на 200 мл, автоотключение и подсветка.\n\nВариация №92 с уникальными характеристиками.	3979.00	RUB	16	t	2025-10-17 20:03:49.660009+00	2025-10-17 20:03:49.660022+00	50	\N			
160	Фитнес-браслет PulseTrack 4 Variant 93	фитнес-браслет-pulsetrack-4-variant-93	PT4-ONYX-VAR093	Твой помощник для активной жизни. · Вариация 93	Оптический датчик пульса, мониторинг сна, более 100 тренировок и NFC-оплата.\n\nВариация №93 с уникальными характеристиками.	5633.00	RUB	145	t	2025-10-17 20:03:49.735467+00	2025-10-17 20:03:49.735482+00	52	\N			
161	Йогамат Balance Pro 6 мм Variant 94	йогамат-balance-pro-6-мм-variant-94	YOGA-BP-6-VAR094	Универсальный коврик для тренировок. · Вариация 94	Противоскользящая поверхность, усиленная плотность, в комплекте чехол и ремень.\n\nВариация №94 с уникальными характеристиками.	1458.00	RUB	171	t	2025-10-17 20:03:49.808688+00	2025-10-17 20:03:49.808702+00	52	\N			
162	Блендер FreshMix 900 Variant 95	блендер-freshmix-900-variant-95	FMX-900-VAR095	Смузи, крем-супы и соусы за минуты. · Вариация 95	Мощность 900 Вт, 5 режимов скорости, чаша из боросиликатного стекла 1.5 л.\n\nВариация №95 с уникальными характеристиками.	9046.00	RUB	183	t	2025-10-17 20:03:49.880549+00	2025-10-17 20:03:49.88057+00	53	\N			
163	Умная зубная щётка SmileCare Sonic Variant 96	умная-зубная-щётка-smilecare-sonic-variant-96	SC-SONIC-VAR096	Чистка как в кабинете стоматолога. · Вариация 96	40 000 вибраций в минуту, 4 режима чистки, приложение для отслеживания прогресса.\n\nВариация №96 с уникальными характеристиками.	4302.00	RUB	12	t	2025-10-17 20:03:49.956762+00	2025-10-17 20:03:49.956776+00	51	\N			
164	Смартфон Nova X20 Variant 97	смартфон-nova-x20-variant-97	NX20-BLK-256-VAR097	Флагманский смартфон 2025 года. · Вариация 97	Флагманский смартфон с экраном 6.7" AMOLED 120 Гц, тройной камерой 108 Мп и поддержкой 5G.\n\nВариация №97 с уникальными характеристиками.	46583.00	RUB	197	t	2025-10-17 20:03:50.032552+00	2025-10-17 20:03:50.032579+00	49	\N			
165	Беспроводные наушники AirTune Pro Variant 98	беспроводные-наушники-airtune-pro-variant-98	AT-PRO-WHT-VAR098	Наушники с ANC и прозрачным режимом. · Вариация 98	Активное шумоподавление, до 36 часов автономной работы, поддержка беспроводной зарядки.\n\nВариация №98 с уникальными характеристиками.	14632.00	RUB	110	t	2025-10-17 20:03:50.118873+00	2025-10-17 20:03:50.118887+00	49	\N			
166	Умная лампа Aurora Glow Variant 99	умная-лампа-aurora-glow-variant-99	AGLOW-01-VAR099	Лампа с RGB и сценами освещения. · Вариация 99	Виртуозная подсветка с миллионом оттенков, управлением через приложение и голосовых ассистентов.\n\nВариация №99 с уникальными характеристиками.	3646.00	RUB	30	t	2025-10-17 20:03:50.241672+00	2025-10-17 20:03:50.241684+00	50	\N			
167	Аромадиффузор Breeze Variant 100	аромадиффузор-breeze-variant-100	BRZ-200-VAR100	Увлажняет и наполняет дом ароматом. · Вариация 100	Компактный ультразвуковой диффузор на 200 мл, автоотключение и подсветка.\n\nВариация №100 с уникальными характеристиками.	1579.00	RUB	173	t	2025-10-17 20:03:50.384125+00	2025-10-17 20:03:50.384136+00	50	\N			
168	Фитнес-браслет PulseTrack 4 Variant 101	фитнес-браслет-pulsetrack-4-variant-101	PT4-ONYX-VAR101	Твой помощник для активной жизни. · Вариация 101	Оптический датчик пульса, мониторинг сна, более 100 тренировок и NFC-оплата.\n\nВариация №101 с уникальными характеристиками.	7621.00	RUB	96	t	2025-10-17 20:03:50.457307+00	2025-10-17 20:03:50.457321+00	52	\N			
169	Йогамат Balance Pro 6 мм Variant 102	йогамат-balance-pro-6-мм-variant-102	YOGA-BP-6-VAR102	Универсальный коврик для тренировок. · Вариация 102	Противоскользящая поверхность, усиленная плотность, в комплекте чехол и ремень.\n\nВариация №102 с уникальными характеристиками.	2279.00	RUB	51	t	2025-10-17 20:03:50.52706+00	2025-10-17 20:03:50.527072+00	52	\N			
170	Блендер FreshMix 900 Variant 103	блендер-freshmix-900-variant-103	FMX-900-VAR103	Смузи, крем-супы и соусы за минуты. · Вариация 103	Мощность 900 Вт, 5 режимов скорости, чаша из боросиликатного стекла 1.5 л.\n\nВариация №103 с уникальными характеристиками.	9536.00	RUB	39	t	2025-10-17 20:03:50.59793+00	2025-10-17 20:03:50.597946+00	53	\N			
172	Смартфон Nova X20 Variant 105	смартфон-nova-x20-variant-105	NX20-BLK-256-VAR105	Флагманский смартфон 2025 года. · Вариация 105	Флагманский смартфон с экраном 6.7" AMOLED 120 Гц, тройной камерой 108 Мп и поддержкой 5G.\n\nВариация №105 с уникальными характеристиками.	45045.00	RUB	43	t	2025-10-17 20:03:50.751489+00	2025-10-17 20:03:50.751501+00	49	\N			
173	Беспроводные наушники AirTune Pro Variant 106	беспроводные-наушники-airtune-pro-variant-106	AT-PRO-WHT-VAR106	Наушники с ANC и прозрачным режимом. · Вариация 106	Активное шумоподавление, до 36 часов автономной работы, поддержка беспроводной зарядки.\n\nВариация №106 с уникальными характеристиками.	14146.00	RUB	154	t	2025-10-17 20:03:50.825324+00	2025-10-17 20:03:50.825335+00	49	\N			
174	Умная лампа Aurora Glow Variant 107	умная-лампа-aurora-glow-variant-107	AGLOW-01-VAR107	Лампа с RGB и сценами освещения. · Вариация 107	Виртуозная подсветка с миллионом оттенков, управлением через приложение и голосовых ассистентов.\n\nВариация №107 с уникальными характеристиками.	4995.00	RUB	154	t	2025-10-17 20:03:50.898335+00	2025-10-17 20:03:50.898346+00	50	\N			
175	Аромадиффузор Breeze Variant 108	аромадиффузор-breeze-variant-108	BRZ-200-VAR108	Увлажняет и наполняет дом ароматом. · Вариация 108	Компактный ультразвуковой диффузор на 200 мл, автоотключение и подсветка.\n\nВариация №108 с уникальными характеристиками.	1189.00	RUB	178	t	2025-10-17 20:03:50.98327+00	2025-10-17 20:03:50.983283+00	50	\N			
176	Фитнес-браслет PulseTrack 4 Variant 109	фитнес-браслет-pulsetrack-4-variant-109	PT4-ONYX-VAR109	Твой помощник для активной жизни. · Вариация 109	Оптический датчик пульса, мониторинг сна, более 100 тренировок и NFC-оплата.\n\nВариация №109 с уникальными характеристиками.	6616.00	RUB	52	t	2025-10-17 20:03:51.055567+00	2025-10-17 20:03:51.055578+00	52	\N			
177	Йогамат Balance Pro 6 мм Variant 110	йогамат-balance-pro-6-мм-variant-110	YOGA-BP-6-VAR110	Универсальный коврик для тренировок. · Вариация 110	Противоскользящая поверхность, усиленная плотность, в комплекте чехол и ремень.\n\nВариация №110 с уникальными характеристиками.	2635.00	RUB	108	t	2025-10-17 20:03:51.127522+00	2025-10-17 20:03:51.127535+00	52	\N			
178	Блендер FreshMix 900 Variant 111	блендер-freshmix-900-variant-111	FMX-900-VAR111	Смузи, крем-супы и соусы за минуты. · Вариация 111	Мощность 900 Вт, 5 режимов скорости, чаша из боросиликатного стекла 1.5 л.\n\nВариация №111 с уникальными характеристиками.	9585.00	RUB	60	t	2025-10-17 20:03:51.209809+00	2025-10-17 20:03:51.209819+00	53	\N			
179	Умная зубная щётка SmileCare Sonic Variant 112	умная-зубная-щётка-smilecare-sonic-variant-112	SC-SONIC-VAR112	Чистка как в кабинете стоматолога. · Вариация 112	40 000 вибраций в минуту, 4 режима чистки, приложение для отслеживания прогресса.\n\nВариация №112 с уникальными характеристиками.	3991.00	RUB	151	t	2025-10-17 20:03:51.28023+00	2025-10-17 20:03:51.280244+00	51	\N			
\.


--
-- Data for Name: shop_productimage; Type: TABLE DATA; Schema: public; Owner: POSTGRES
--

COPY public.shop_productimage (id, image, alt_text, is_main, created_at, product_id) FROM stdin;
178	products/50f941c6-2465-4d4b-a6d9-4741c41fd6f4_0OvF2AO.webp		t	2025-10-18 05:26:47.194178+00	171
58	products/nova-x20_tJjHErW.png	Смартфон Nova X20	t	2025-10-17 20:03:42.100393+00	60
59	products/airtune-pro_sxZ4dsR.png	Беспроводные наушники AirTune Pro	t	2025-10-17 20:03:42.173888+00	61
60	products/aurora-glow_WgJaRjl.png	Умная лампа Aurora Glow	t	2025-10-17 20:03:42.259184+00	62
61	products/breeze_Jm8mfVi.png	Аромадиффузор Breeze	t	2025-10-17 20:03:42.395624+00	63
62	products/pulsetrack-4_XtLWya6.png	Фитнес-браслет PulseTrack 4	t	2025-10-17 20:03:42.471957+00	64
63	products/balance-pro-6_3onC2JT.png	Йогамат Balance Pro 6 мм	t	2025-10-17 20:03:42.54643+00	65
64	products/freshmix-900_RvVPGDT.png	Блендер FreshMix 900	t	2025-10-17 20:03:42.616996+00	66
65	products/smilecare-sonic_64Lcvt9.png	Умная зубная щётка SmileCare Sonic	t	2025-10-17 20:03:42.694183+00	67
66	products/nova-x20-variant-1.png	Смартфон Nova X20 Variant 1	t	2025-10-17 20:03:42.768833+00	68
67	products/airtune-pro-variant-2.png	Беспроводные наушники AirTune Pro Variant 2	t	2025-10-17 20:03:42.841557+00	69
68	products/aurora-glow-variant-3.png	Умная лампа Aurora Glow Variant 3	t	2025-10-17 20:03:42.918629+00	70
69	products/breeze-variant-4.png	Аромадиффузор Breeze Variant 4	t	2025-10-17 20:03:42.994804+00	71
70	products/pulsetrack-4-variant-5.png	Фитнес-браслет PulseTrack 4 Variant 5	t	2025-10-17 20:03:43.069973+00	72
71	products/balance-pro-6-variant-6.png	Йогамат Balance Pro 6 мм Variant 6	t	2025-10-17 20:03:43.141859+00	73
72	products/freshmix-900-variant-7.png	Блендер FreshMix 900 Variant 7	t	2025-10-17 20:03:43.223315+00	74
73	products/smilecare-sonic-variant-8.png	Умная зубная щётка SmileCare Sonic Variant 8	t	2025-10-17 20:03:43.294851+00	75
74	products/nova-x20-variant-9.png	Смартфон Nova X20 Variant 9	t	2025-10-17 20:03:43.371263+00	76
75	products/airtune-pro-variant-10.png	Беспроводные наушники AirTune Pro Variant 10	t	2025-10-17 20:03:43.4427+00	77
76	products/aurora-glow-variant-11.png	Умная лампа Aurora Glow Variant 11	t	2025-10-17 20:03:43.515854+00	78
77	products/breeze-variant-12.png	Аромадиффузор Breeze Variant 12	t	2025-10-17 20:03:43.587444+00	79
78	products/pulsetrack-4-variant-13.png	Фитнес-браслет PulseTrack 4 Variant 13	t	2025-10-17 20:03:43.687241+00	80
79	products/balance-pro-6-variant-14.png	Йогамат Balance Pro 6 мм Variant 14	t	2025-10-17 20:03:43.764386+00	81
80	products/freshmix-900-variant-15.png	Блендер FreshMix 900 Variant 15	t	2025-10-17 20:03:43.839907+00	82
81	products/smilecare-sonic-variant-16.png	Умная зубная щётка SmileCare Sonic Variant 16	t	2025-10-17 20:03:43.921418+00	83
82	products/nova-x20-variant-17.png	Смартфон Nova X20 Variant 17	t	2025-10-17 20:03:43.997594+00	84
83	products/airtune-pro-variant-18.png	Беспроводные наушники AirTune Pro Variant 18	t	2025-10-17 20:03:44.069741+00	85
84	products/aurora-glow-variant-19.png	Умная лампа Aurora Glow Variant 19	t	2025-10-17 20:03:44.139551+00	86
85	products/breeze-variant-20.png	Аромадиффузор Breeze Variant 20	t	2025-10-17 20:03:44.218506+00	87
86	products/pulsetrack-4-variant-21.png	Фитнес-браслет PulseTrack 4 Variant 21	t	2025-10-17 20:03:44.291459+00	88
87	products/balance-pro-6-variant-22.png	Йогамат Balance Pro 6 мм Variant 22	t	2025-10-17 20:03:44.364996+00	89
88	products/freshmix-900-variant-23.png	Блендер FreshMix 900 Variant 23	t	2025-10-17 20:03:44.445778+00	90
89	products/smilecare-sonic-variant-24.png	Умная зубная щётка SmileCare Sonic Variant 24	t	2025-10-17 20:03:44.518143+00	91
90	products/nova-x20-variant-25.png	Смартфон Nova X20 Variant 25	t	2025-10-17 20:03:44.588508+00	92
91	products/airtune-pro-variant-26.png	Беспроводные наушники AirTune Pro Variant 26	t	2025-10-17 20:03:44.663803+00	93
92	products/aurora-glow-variant-27.png	Умная лампа Aurora Glow Variant 27	t	2025-10-17 20:03:44.734417+00	94
93	products/breeze-variant-28.png	Аромадиффузор Breeze Variant 28	t	2025-10-17 20:03:44.815968+00	95
94	products/pulsetrack-4-variant-29.png	Фитнес-браслет PulseTrack 4 Variant 29	t	2025-10-17 20:03:44.889209+00	96
95	products/balance-pro-6-variant-30.png	Йогамат Balance Pro 6 мм Variant 30	t	2025-10-17 20:03:44.965644+00	97
96	products/freshmix-900-variant-31.png	Блендер FreshMix 900 Variant 31	t	2025-10-17 20:03:45.04065+00	98
97	products/smilecare-sonic-variant-32.png	Умная зубная щётка SmileCare Sonic Variant 32	t	2025-10-17 20:03:45.116626+00	99
98	products/nova-x20-variant-33.png	Смартфон Nova X20 Variant 33	t	2025-10-17 20:03:45.188528+00	100
99	products/airtune-pro-variant-34.png	Беспроводные наушники AirTune Pro Variant 34	t	2025-10-17 20:03:45.271491+00	101
100	products/aurora-glow-variant-35.png	Умная лампа Aurora Glow Variant 35	t	2025-10-17 20:03:45.343085+00	102
101	products/breeze-variant-36.png	Аромадиффузор Breeze Variant 36	t	2025-10-17 20:03:45.420012+00	103
102	products/pulsetrack-4-variant-37.png	Фитнес-браслет PulseTrack 4 Variant 37	t	2025-10-17 20:03:45.491295+00	104
103	products/balance-pro-6-variant-38.png	Йогамат Balance Pro 6 мм Variant 38	t	2025-10-17 20:03:45.567713+00	105
104	products/freshmix-900-variant-39.png	Блендер FreshMix 900 Variant 39	t	2025-10-17 20:03:45.640134+00	106
105	products/smilecare-sonic-variant-40.png	Умная зубная щётка SmileCare Sonic Variant 40	t	2025-10-17 20:03:45.714804+00	107
106	products/nova-x20-variant-41.png	Смартфон Nova X20 Variant 41	t	2025-10-17 20:03:45.785821+00	108
107	products/airtune-pro-variant-42.png	Беспроводные наушники AirTune Pro Variant 42	t	2025-10-17 20:03:45.856457+00	109
108	products/aurora-glow-variant-43.png	Умная лампа Aurora Glow Variant 43	t	2025-10-17 20:03:45.929956+00	110
109	products/breeze-variant-44.png	Аромадиффузор Breeze Variant 44	t	2025-10-17 20:03:46.003644+00	111
110	products/pulsetrack-4-variant-45.png	Фитнес-браслет PulseTrack 4 Variant 45	t	2025-10-17 20:03:46.079119+00	112
111	products/balance-pro-6-variant-46.png	Йогамат Balance Pro 6 мм Variant 46	t	2025-10-17 20:03:46.152199+00	113
112	products/freshmix-900-variant-47.png	Блендер FreshMix 900 Variant 47	t	2025-10-17 20:03:46.245204+00	114
113	products/smilecare-sonic-variant-48.png	Умная зубная щётка SmileCare Sonic Variant 48	t	2025-10-17 20:03:46.385337+00	115
114	products/nova-x20-variant-49.png	Смартфон Nova X20 Variant 49	t	2025-10-17 20:03:46.46144+00	116
115	products/airtune-pro-variant-50.png	Беспроводные наушники AirTune Pro Variant 50	t	2025-10-17 20:03:46.538621+00	117
116	products/aurora-glow-variant-51.png	Умная лампа Aurora Glow Variant 51	t	2025-10-17 20:03:46.612639+00	118
117	products/breeze-variant-52.png	Аромадиффузор Breeze Variant 52	t	2025-10-17 20:03:46.692228+00	119
118	products/pulsetrack-4-variant-53.png	Фитнес-браслет PulseTrack 4 Variant 53	t	2025-10-17 20:03:46.765608+00	120
119	products/balance-pro-6-variant-54.png	Йогамат Balance Pro 6 мм Variant 54	t	2025-10-17 20:03:46.836114+00	121
120	products/freshmix-900-variant-55.png	Блендер FreshMix 900 Variant 55	t	2025-10-17 20:03:46.909079+00	122
121	products/smilecare-sonic-variant-56.png	Умная зубная щётка SmileCare Sonic Variant 56	t	2025-10-17 20:03:46.983653+00	123
122	products/nova-x20-variant-57.png	Смартфон Nova X20 Variant 57	t	2025-10-17 20:03:47.071421+00	124
123	products/airtune-pro-variant-58.png	Беспроводные наушники AirTune Pro Variant 58	t	2025-10-17 20:03:47.144739+00	125
124	products/aurora-glow-variant-59.png	Умная лампа Aurora Glow Variant 59	t	2025-10-17 20:03:47.223822+00	126
125	products/breeze-variant-60.png	Аромадиффузор Breeze Variant 60	t	2025-10-17 20:03:47.299443+00	127
126	products/pulsetrack-4-variant-61.png	Фитнес-браслет PulseTrack 4 Variant 61	t	2025-10-17 20:03:47.374562+00	128
127	products/balance-pro-6-variant-62.png	Йогамат Balance Pro 6 мм Variant 62	t	2025-10-17 20:03:47.446161+00	129
128	products/freshmix-900-variant-63.png	Блендер FreshMix 900 Variant 63	t	2025-10-17 20:03:47.525684+00	130
129	products/smilecare-sonic-variant-64.png	Умная зубная щётка SmileCare Sonic Variant 64	t	2025-10-17 20:03:47.596836+00	131
130	products/nova-x20-variant-65.png	Смартфон Nova X20 Variant 65	t	2025-10-17 20:03:47.667596+00	132
131	products/airtune-pro-variant-66.png	Беспроводные наушники AirTune Pro Variant 66	t	2025-10-17 20:03:47.744263+00	133
132	products/aurora-glow-variant-67.png	Умная лампа Aurora Glow Variant 67	t	2025-10-17 20:03:47.817561+00	134
133	products/breeze-variant-68.png	Аромадиффузор Breeze Variant 68	t	2025-10-17 20:03:47.8989+00	135
134	products/pulsetrack-4-variant-69.png	Фитнес-браслет PulseTrack 4 Variant 69	t	2025-10-17 20:03:47.985802+00	136
135	products/balance-pro-6-variant-70.png	Йогамат Balance Pro 6 мм Variant 70	t	2025-10-17 20:03:48.063022+00	137
136	products/freshmix-900-variant-71.png	Блендер FreshMix 900 Variant 71	t	2025-10-17 20:03:48.136908+00	138
137	products/smilecare-sonic-variant-72.png	Умная зубная щётка SmileCare Sonic Variant 72	t	2025-10-17 20:03:48.215485+00	139
138	products/nova-x20-variant-73.png	Смартфон Nova X20 Variant 73	t	2025-10-17 20:03:48.289469+00	140
139	products/airtune-pro-variant-74.png	Беспроводные наушники AirTune Pro Variant 74	t	2025-10-17 20:03:48.366844+00	141
140	products/aurora-glow-variant-75.png	Умная лампа Aurora Glow Variant 75	t	2025-10-17 20:03:48.441576+00	142
141	products/breeze-variant-76.png	Аромадиффузор Breeze Variant 76	t	2025-10-17 20:03:48.517757+00	143
142	products/pulsetrack-4-variant-77.png	Фитнес-браслет PulseTrack 4 Variant 77	t	2025-10-17 20:03:48.58909+00	144
143	products/balance-pro-6-variant-78.png	Йогамат Balance Pro 6 мм Variant 78	t	2025-10-17 20:03:48.667202+00	145
144	products/freshmix-900-variant-79.png	Блендер FreshMix 900 Variant 79	t	2025-10-17 20:03:48.739787+00	146
145	products/smilecare-sonic-variant-80.png	Умная зубная щётка SmileCare Sonic Variant 80	t	2025-10-17 20:03:48.819848+00	147
146	products/nova-x20-variant-81.png	Смартфон Nova X20 Variant 81	t	2025-10-17 20:03:48.891108+00	148
147	products/airtune-pro-variant-82.png	Беспроводные наушники AirTune Pro Variant 82	t	2025-10-17 20:03:48.967085+00	149
148	products/aurora-glow-variant-83.png	Умная лампа Aurora Glow Variant 83	t	2025-10-17 20:03:49.046047+00	150
149	products/breeze-variant-84.png	Аромадиффузор Breeze Variant 84	t	2025-10-17 20:03:49.123967+00	151
150	products/pulsetrack-4-variant-85.png	Фитнес-браслет PulseTrack 4 Variant 85	t	2025-10-17 20:03:49.212347+00	152
151	products/balance-pro-6-variant-86.png	Йогамат Balance Pro 6 мм Variant 86	t	2025-10-17 20:03:49.282765+00	153
152	products/freshmix-900-variant-87.png	Блендер FreshMix 900 Variant 87	t	2025-10-17 20:03:49.360747+00	154
153	products/smilecare-sonic-variant-88.png	Умная зубная щётка SmileCare Sonic Variant 88	t	2025-10-17 20:03:49.437859+00	155
154	products/nova-x20-variant-89.png	Смартфон Nova X20 Variant 89	t	2025-10-17 20:03:49.509974+00	156
155	products/airtune-pro-variant-90.png	Беспроводные наушники AirTune Pro Variant 90	t	2025-10-17 20:03:49.58419+00	157
156	products/aurora-glow-variant-91.png	Умная лампа Aurora Glow Variant 91	t	2025-10-17 20:03:49.655892+00	158
157	products/breeze-variant-92.png	Аромадиффузор Breeze Variant 92	t	2025-10-17 20:03:49.731255+00	159
158	products/pulsetrack-4-variant-93.png	Фитнес-браслет PulseTrack 4 Variant 93	t	2025-10-17 20:03:49.804449+00	160
159	products/balance-pro-6-variant-94.png	Йогамат Balance Pro 6 мм Variant 94	t	2025-10-17 20:03:49.875796+00	161
160	products/freshmix-900-variant-95.png	Блендер FreshMix 900 Variant 95	t	2025-10-17 20:03:49.952515+00	162
161	products/smilecare-sonic-variant-96.png	Умная зубная щётка SmileCare Sonic Variant 96	t	2025-10-17 20:03:50.026069+00	163
162	products/nova-x20-variant-97.png	Смартфон Nova X20 Variant 97	t	2025-10-17 20:03:50.114555+00	164
163	products/airtune-pro-variant-98.png	Беспроводные наушники AirTune Pro Variant 98	t	2025-10-17 20:03:50.237452+00	165
164	products/aurora-glow-variant-99.png	Умная лампа Aurora Glow Variant 99	t	2025-10-17 20:03:50.379871+00	166
165	products/breeze-variant-100.png	Аромадиффузор Breeze Variant 100	t	2025-10-17 20:03:50.452839+00	167
166	products/pulsetrack-4-variant-101.png	Фитнес-браслет PulseTrack 4 Variant 101	t	2025-10-17 20:03:50.522722+00	168
167	products/balance-pro-6-variant-102.png	Йогамат Balance Pro 6 мм Variant 102	t	2025-10-17 20:03:50.59369+00	169
168	products/freshmix-900-variant-103.png	Блендер FreshMix 900 Variant 103	t	2025-10-17 20:03:50.672222+00	170
170	products/nova-x20-variant-105.png	Смартфон Nova X20 Variant 105	t	2025-10-17 20:03:50.821229+00	172
171	products/airtune-pro-variant-106.png	Беспроводные наушники AirTune Pro Variant 106	t	2025-10-17 20:03:50.894088+00	173
172	products/aurora-glow-variant-107.png	Умная лампа Aurora Glow Variant 107	t	2025-10-17 20:03:50.979072+00	174
173	products/breeze-variant-108.png	Аромадиффузор Breeze Variant 108	t	2025-10-17 20:03:51.051597+00	175
174	products/pulsetrack-4-variant-109.png	Фитнес-браслет PulseTrack 4 Variant 109	t	2025-10-17 20:03:51.123211+00	176
175	products/balance-pro-6-variant-110.png	Йогамат Balance Pro 6 мм Variant 110	t	2025-10-17 20:03:51.205441+00	177
176	products/freshmix-900-variant-111.png	Блендер FreshMix 900 Variant 111	t	2025-10-17 20:03:51.276176+00	178
177	products/smilecare-sonic-variant-112.png	Умная зубная щётка SmileCare Sonic Variant 112	t	2025-10-17 20:03:51.346283+00	179
169	products/OIP.webp	Умная зубная щётка SmileCare Sonic Variant 104	t	2025-10-17 20:03:50.747398+00	171
\.


--
-- Data for Name: shop_productreview; Type: TABLE DATA; Schema: public; Owner: POSTGRES
--

COPY public.shop_productreview (id, deleted_at, rating, title, body, verified_purchase, moderation_status, moderation_note, moderated_at, created_at, updated_at, moderated_by_id, product_id, user_id, author_name) FROM stdin;
1	\N	2		Мне очень понравилось	f	pending		\N	2025-10-19 20:20:54.604802+00	2025-10-19 20:20:54.604818+00	\N	167	3	
2	\N	4	Все классно	Нет запасного ремешка	f	pending		\N	2025-10-24 14:24:35.392204+00	2025-10-24 14:24:35.392222+00	\N	152	\N	Гость
3	\N	5	Понравилось	Очень довольна	f	pending		\N	2025-10-24 14:25:52.840163+00	2025-10-24 14:25:52.84018+00	\N	152	\N	Гость
4	\N	4	Очень хорош	Классный ароматизатор	f	pending		\N	2025-10-24 14:36:09.144616+00	2025-10-24 14:36:09.144636+00	\N	167	5	Olga Stetsenko
5	\N	4	Описание	Хорошая вещь	f	pending		\N	2025-10-31 08:38:21.415413+00	2025-10-31 08:38:21.415433+00	\N	175	\N	Stanislav
\.


--
-- Data for Name: taggit_tag; Type: TABLE DATA; Schema: public; Owner: POSTGRES
--

COPY public.taggit_tag (id, name, slug) FROM stdin;
\.


--
-- Data for Name: taggit_taggeditem; Type: TABLE DATA; Schema: public; Owner: POSTGRES
--

COPY public.taggit_taggeditem (id, object_id, content_type_id, tag_id) FROM stdin;
\.


--
-- Name: accounts_userprofile_id_seq; Type: SEQUENCE SET; Schema: public; Owner: POSTGRES
--

SELECT pg_catalog.setval('public.accounts_userprofile_id_seq', 6, true);


--
-- Name: auth_group_id_seq; Type: SEQUENCE SET; Schema: public; Owner: POSTGRES
--

SELECT pg_catalog.setval('public.auth_group_id_seq', 1, false);


--
-- Name: auth_group_permissions_id_seq; Type: SEQUENCE SET; Schema: public; Owner: POSTGRES
--

SELECT pg_catalog.setval('public.auth_group_permissions_id_seq', 1, false);


--
-- Name: auth_permission_id_seq; Type: SEQUENCE SET; Schema: public; Owner: POSTGRES
--

SELECT pg_catalog.setval('public.auth_permission_id_seq', 72, true);


--
-- Name: auth_user_groups_id_seq; Type: SEQUENCE SET; Schema: public; Owner: POSTGRES
--

SELECT pg_catalog.setval('public.auth_user_groups_id_seq', 1, false);


--
-- Name: auth_user_id_seq; Type: SEQUENCE SET; Schema: public; Owner: POSTGRES
--

SELECT pg_catalog.setval('public.auth_user_id_seq', 7, true);


--
-- Name: auth_user_user_permissions_id_seq; Type: SEQUENCE SET; Schema: public; Owner: POSTGRES
--

SELECT pg_catalog.setval('public.auth_user_user_permissions_id_seq', 1, false);


--
-- Name: content_post_id_seq; Type: SEQUENCE SET; Schema: public; Owner: POSTGRES
--

SELECT pg_catalog.setval('public.content_post_id_seq', 1, false);


--
-- Name: django_admin_log_id_seq; Type: SEQUENCE SET; Schema: public; Owner: POSTGRES
--

SELECT pg_catalog.setval('public.django_admin_log_id_seq', 9, true);


--
-- Name: django_content_type_id_seq; Type: SEQUENCE SET; Schema: public; Owner: POSTGRES
--

SELECT pg_catalog.setval('public.django_content_type_id_seq', 18, true);


--
-- Name: django_migrations_id_seq; Type: SEQUENCE SET; Schema: public; Owner: POSTGRES
--

SELECT pg_catalog.setval('public.django_migrations_id_seq', 32, true);


--
-- Name: shop_cartitem_id_seq; Type: SEQUENCE SET; Schema: public; Owner: POSTGRES
--

SELECT pg_catalog.setval('public.shop_cartitem_id_seq', 16, true);


--
-- Name: shop_category_id_seq; Type: SEQUENCE SET; Schema: public; Owner: POSTGRES
--

SELECT pg_catalog.setval('public.shop_category_id_seq', 53, true);


--
-- Name: shop_order_id_seq; Type: SEQUENCE SET; Schema: public; Owner: POSTGRES
--

SELECT pg_catalog.setval('public.shop_order_id_seq', 8, true);


--
-- Name: shop_orderitem_id_seq; Type: SEQUENCE SET; Schema: public; Owner: POSTGRES
--

SELECT pg_catalog.setval('public.shop_orderitem_id_seq', 10, true);


--
-- Name: shop_product_id_seq; Type: SEQUENCE SET; Schema: public; Owner: POSTGRES
--

SELECT pg_catalog.setval('public.shop_product_id_seq', 179, true);


--
-- Name: shop_productimage_id_seq; Type: SEQUENCE SET; Schema: public; Owner: POSTGRES
--

SELECT pg_catalog.setval('public.shop_productimage_id_seq', 178, true);


--
-- Name: shop_productreview_id_seq; Type: SEQUENCE SET; Schema: public; Owner: POSTGRES
--

SELECT pg_catalog.setval('public.shop_productreview_id_seq', 5, true);


--
-- Name: taggit_tag_id_seq; Type: SEQUENCE SET; Schema: public; Owner: POSTGRES
--

SELECT pg_catalog.setval('public.taggit_tag_id_seq', 1, false);


--
-- Name: taggit_taggeditem_id_seq; Type: SEQUENCE SET; Schema: public; Owner: POSTGRES
--

SELECT pg_catalog.setval('public.taggit_taggeditem_id_seq', 1, false);


--
-- Name: accounts_userprofile accounts_userprofile_pkey; Type: CONSTRAINT; Schema: public; Owner: POSTGRES
--

ALTER TABLE ONLY public.accounts_userprofile
    ADD CONSTRAINT accounts_userprofile_pkey PRIMARY KEY (id);


--
-- Name: accounts_userprofile accounts_userprofile_user_id_key; Type: CONSTRAINT; Schema: public; Owner: POSTGRES
--

ALTER TABLE ONLY public.accounts_userprofile
    ADD CONSTRAINT accounts_userprofile_user_id_key UNIQUE (user_id);


--
-- Name: auth_group auth_group_name_key; Type: CONSTRAINT; Schema: public; Owner: POSTGRES
--

ALTER TABLE ONLY public.auth_group
    ADD CONSTRAINT auth_group_name_key UNIQUE (name);


--
-- Name: auth_group_permissions auth_group_permissions_group_id_permission_id_0cd325b0_uniq; Type: CONSTRAINT; Schema: public; Owner: POSTGRES
--

ALTER TABLE ONLY public.auth_group_permissions
    ADD CONSTRAINT auth_group_permissions_group_id_permission_id_0cd325b0_uniq UNIQUE (group_id, permission_id);


--
-- Name: auth_group_permissions auth_group_permissions_pkey; Type: CONSTRAINT; Schema: public; Owner: POSTGRES
--

ALTER TABLE ONLY public.auth_group_permissions
    ADD CONSTRAINT auth_group_permissions_pkey PRIMARY KEY (id);


--
-- Name: auth_group auth_group_pkey; Type: CONSTRAINT; Schema: public; Owner: POSTGRES
--

ALTER TABLE ONLY public.auth_group
    ADD CONSTRAINT auth_group_pkey PRIMARY KEY (id);


--
-- Name: auth_permission auth_permission_content_type_id_codename_01ab375a_uniq; Type: CONSTRAINT; Schema: public; Owner: POSTGRES
--

ALTER TABLE ONLY public.auth_permission
    ADD CONSTRAINT auth_permission_content_type_id_codename_01ab375a_uniq UNIQUE (content_type_id, codename);


--
-- Name: auth_permission auth_permission_pkey; Type: CONSTRAINT; Schema: public; Owner: POSTGRES
--

ALTER TABLE ONLY public.auth_permission
    ADD CONSTRAINT auth_permission_pkey PRIMARY KEY (id);


--
-- Name: auth_user_groups auth_user_groups_pkey; Type: CONSTRAINT; Schema: public; Owner: POSTGRES
--

ALTER TABLE ONLY public.auth_user_groups
    ADD CONSTRAINT auth_user_groups_pkey PRIMARY KEY (id);


--
-- Name: auth_user_groups auth_user_groups_user_id_group_id_94350c0c_uniq; Type: CONSTRAINT; Schema: public; Owner: POSTGRES
--

ALTER TABLE ONLY public.auth_user_groups
    ADD CONSTRAINT auth_user_groups_user_id_group_id_94350c0c_uniq UNIQUE (user_id, group_id);


--
-- Name: auth_user auth_user_pkey; Type: CONSTRAINT; Schema: public; Owner: POSTGRES
--

ALTER TABLE ONLY public.auth_user
    ADD CONSTRAINT auth_user_pkey PRIMARY KEY (id);


--
-- Name: auth_user_user_permissions auth_user_user_permissions_pkey; Type: CONSTRAINT; Schema: public; Owner: POSTGRES
--

ALTER TABLE ONLY public.auth_user_user_permissions
    ADD CONSTRAINT auth_user_user_permissions_pkey PRIMARY KEY (id);


--
-- Name: auth_user_user_permissions auth_user_user_permissions_user_id_permission_id_14a6b632_uniq; Type: CONSTRAINT; Schema: public; Owner: POSTGRES
--

ALTER TABLE ONLY public.auth_user_user_permissions
    ADD CONSTRAINT auth_user_user_permissions_user_id_permission_id_14a6b632_uniq UNIQUE (user_id, permission_id);


--
-- Name: auth_user auth_user_username_key; Type: CONSTRAINT; Schema: public; Owner: POSTGRES
--

ALTER TABLE ONLY public.auth_user
    ADD CONSTRAINT auth_user_username_key UNIQUE (username);


--
-- Name: content_post content_post_pkey; Type: CONSTRAINT; Schema: public; Owner: POSTGRES
--

ALTER TABLE ONLY public.content_post
    ADD CONSTRAINT content_post_pkey PRIMARY KEY (id);


--
-- Name: content_post content_post_slug_key; Type: CONSTRAINT; Schema: public; Owner: POSTGRES
--

ALTER TABLE ONLY public.content_post
    ADD CONSTRAINT content_post_slug_key UNIQUE (slug);


--
-- Name: django_admin_log django_admin_log_pkey; Type: CONSTRAINT; Schema: public; Owner: POSTGRES
--

ALTER TABLE ONLY public.django_admin_log
    ADD CONSTRAINT django_admin_log_pkey PRIMARY KEY (id);


--
-- Name: django_content_type django_content_type_app_label_model_76bd3d3b_uniq; Type: CONSTRAINT; Schema: public; Owner: POSTGRES
--

ALTER TABLE ONLY public.django_content_type
    ADD CONSTRAINT django_content_type_app_label_model_76bd3d3b_uniq UNIQUE (app_label, model);


--
-- Name: django_content_type django_content_type_pkey; Type: CONSTRAINT; Schema: public; Owner: POSTGRES
--

ALTER TABLE ONLY public.django_content_type
    ADD CONSTRAINT django_content_type_pkey PRIMARY KEY (id);


--
-- Name: django_migrations django_migrations_pkey; Type: CONSTRAINT; Schema: public; Owner: POSTGRES
--

ALTER TABLE ONLY public.django_migrations
    ADD CONSTRAINT django_migrations_pkey PRIMARY KEY (id);


--
-- Name: django_session django_session_pkey; Type: CONSTRAINT; Schema: public; Owner: POSTGRES
--

ALTER TABLE ONLY public.django_session
    ADD CONSTRAINT django_session_pkey PRIMARY KEY (session_key);


--
-- Name: shop_cart shop_cart_pkey; Type: CONSTRAINT; Schema: public; Owner: POSTGRES
--

ALTER TABLE ONLY public.shop_cart
    ADD CONSTRAINT shop_cart_pkey PRIMARY KEY (id);


--
-- Name: shop_cartitem shop_cartitem_cart_id_product_id_eacadbd7_uniq; Type: CONSTRAINT; Schema: public; Owner: POSTGRES
--

ALTER TABLE ONLY public.shop_cartitem
    ADD CONSTRAINT shop_cartitem_cart_id_product_id_eacadbd7_uniq UNIQUE (cart_id, product_id);


--
-- Name: shop_cartitem shop_cartitem_pkey; Type: CONSTRAINT; Schema: public; Owner: POSTGRES
--

ALTER TABLE ONLY public.shop_cartitem
    ADD CONSTRAINT shop_cartitem_pkey PRIMARY KEY (id);


--
-- Name: shop_category shop_category_name_key; Type: CONSTRAINT; Schema: public; Owner: POSTGRES
--

ALTER TABLE ONLY public.shop_category
    ADD CONSTRAINT shop_category_name_key UNIQUE (name);


--
-- Name: shop_category shop_category_pkey; Type: CONSTRAINT; Schema: public; Owner: POSTGRES
--

ALTER TABLE ONLY public.shop_category
    ADD CONSTRAINT shop_category_pkey PRIMARY KEY (id);


--
-- Name: shop_category shop_category_slug_key; Type: CONSTRAINT; Schema: public; Owner: POSTGRES
--

ALTER TABLE ONLY public.shop_category
    ADD CONSTRAINT shop_category_slug_key UNIQUE (slug);


--
-- Name: shop_order shop_order_cart_id_key; Type: CONSTRAINT; Schema: public; Owner: POSTGRES
--

ALTER TABLE ONLY public.shop_order
    ADD CONSTRAINT shop_order_cart_id_key UNIQUE (cart_id);


--
-- Name: shop_order shop_order_pkey; Type: CONSTRAINT; Schema: public; Owner: POSTGRES
--

ALTER TABLE ONLY public.shop_order
    ADD CONSTRAINT shop_order_pkey PRIMARY KEY (id);


--
-- Name: shop_orderitem shop_orderitem_pkey; Type: CONSTRAINT; Schema: public; Owner: POSTGRES
--

ALTER TABLE ONLY public.shop_orderitem
    ADD CONSTRAINT shop_orderitem_pkey PRIMARY KEY (id);


--
-- Name: shop_product shop_product_pkey; Type: CONSTRAINT; Schema: public; Owner: POSTGRES
--

ALTER TABLE ONLY public.shop_product
    ADD CONSTRAINT shop_product_pkey PRIMARY KEY (id);


--
-- Name: shop_product shop_product_sku_key; Type: CONSTRAINT; Schema: public; Owner: POSTGRES
--

ALTER TABLE ONLY public.shop_product
    ADD CONSTRAINT shop_product_sku_key UNIQUE (sku);


--
-- Name: shop_product shop_product_slug_key; Type: CONSTRAINT; Schema: public; Owner: POSTGRES
--

ALTER TABLE ONLY public.shop_product
    ADD CONSTRAINT shop_product_slug_key UNIQUE (slug);


--
-- Name: shop_productimage shop_productimage_pkey; Type: CONSTRAINT; Schema: public; Owner: POSTGRES
--

ALTER TABLE ONLY public.shop_productimage
    ADD CONSTRAINT shop_productimage_pkey PRIMARY KEY (id);


--
-- Name: shop_productreview shop_productreview_pkey; Type: CONSTRAINT; Schema: public; Owner: POSTGRES
--

ALTER TABLE ONLY public.shop_productreview
    ADD CONSTRAINT shop_productreview_pkey PRIMARY KEY (id);


--
-- Name: taggit_tag taggit_tag_name_key; Type: CONSTRAINT; Schema: public; Owner: POSTGRES
--

ALTER TABLE ONLY public.taggit_tag
    ADD CONSTRAINT taggit_tag_name_key UNIQUE (name);


--
-- Name: taggit_tag taggit_tag_pkey; Type: CONSTRAINT; Schema: public; Owner: POSTGRES
--

ALTER TABLE ONLY public.taggit_tag
    ADD CONSTRAINT taggit_tag_pkey PRIMARY KEY (id);


--
-- Name: taggit_tag taggit_tag_slug_key; Type: CONSTRAINT; Schema: public; Owner: POSTGRES
--

ALTER TABLE ONLY public.taggit_tag
    ADD CONSTRAINT taggit_tag_slug_key UNIQUE (slug);


--
-- Name: taggit_taggeditem taggit_taggeditem_content_type_id_object_id_tag_id_4bb97a8e_uni; Type: CONSTRAINT; Schema: public; Owner: POSTGRES
--

ALTER TABLE ONLY public.taggit_taggeditem
    ADD CONSTRAINT taggit_taggeditem_content_type_id_object_id_tag_id_4bb97a8e_uni UNIQUE (content_type_id, object_id, tag_id);


--
-- Name: taggit_taggeditem taggit_taggeditem_pkey; Type: CONSTRAINT; Schema: public; Owner: POSTGRES
--

ALTER TABLE ONLY public.taggit_taggeditem
    ADD CONSTRAINT taggit_taggeditem_pkey PRIMARY KEY (id);


--
-- Name: auth_group_name_a6ea08ec_like; Type: INDEX; Schema: public; Owner: POSTGRES
--

CREATE INDEX auth_group_name_a6ea08ec_like ON public.auth_group USING btree (name varchar_pattern_ops);


--
-- Name: auth_group_permissions_group_id_b120cbf9; Type: INDEX; Schema: public; Owner: POSTGRES
--

CREATE INDEX auth_group_permissions_group_id_b120cbf9 ON public.auth_group_permissions USING btree (group_id);


--
-- Name: auth_group_permissions_permission_id_84c5c92e; Type: INDEX; Schema: public; Owner: POSTGRES
--

CREATE INDEX auth_group_permissions_permission_id_84c5c92e ON public.auth_group_permissions USING btree (permission_id);


--
-- Name: auth_permission_content_type_id_2f476e4b; Type: INDEX; Schema: public; Owner: POSTGRES
--

CREATE INDEX auth_permission_content_type_id_2f476e4b ON public.auth_permission USING btree (content_type_id);


--
-- Name: auth_user_groups_group_id_97559544; Type: INDEX; Schema: public; Owner: POSTGRES
--

CREATE INDEX auth_user_groups_group_id_97559544 ON public.auth_user_groups USING btree (group_id);


--
-- Name: auth_user_groups_user_id_6a12ed8b; Type: INDEX; Schema: public; Owner: POSTGRES
--

CREATE INDEX auth_user_groups_user_id_6a12ed8b ON public.auth_user_groups USING btree (user_id);


--
-- Name: auth_user_user_permissions_permission_id_1fbb5f2c; Type: INDEX; Schema: public; Owner: POSTGRES
--

CREATE INDEX auth_user_user_permissions_permission_id_1fbb5f2c ON public.auth_user_user_permissions USING btree (permission_id);


--
-- Name: auth_user_user_permissions_user_id_a95ead1b; Type: INDEX; Schema: public; Owner: POSTGRES
--

CREATE INDEX auth_user_user_permissions_user_id_a95ead1b ON public.auth_user_user_permissions USING btree (user_id);


--
-- Name: auth_user_username_6821ab7c_like; Type: INDEX; Schema: public; Owner: POSTGRES
--

CREATE INDEX auth_user_username_6821ab7c_like ON public.auth_user USING btree (username varchar_pattern_ops);


--
-- Name: content_post_author_id_a90965c2; Type: INDEX; Schema: public; Owner: POSTGRES
--

CREATE INDEX content_post_author_id_a90965c2 ON public.content_post USING btree (author_id);


--
-- Name: content_post_slug_efa80cd5_like; Type: INDEX; Schema: public; Owner: POSTGRES
--

CREATE INDEX content_post_slug_efa80cd5_like ON public.content_post USING btree (slug varchar_pattern_ops);


--
-- Name: django_admin_log_content_type_id_c4bce8eb; Type: INDEX; Schema: public; Owner: POSTGRES
--

CREATE INDEX django_admin_log_content_type_id_c4bce8eb ON public.django_admin_log USING btree (content_type_id);


--
-- Name: django_admin_log_user_id_c564eba6; Type: INDEX; Schema: public; Owner: POSTGRES
--

CREATE INDEX django_admin_log_user_id_c564eba6 ON public.django_admin_log USING btree (user_id);


--
-- Name: django_session_expire_date_a5c62663; Type: INDEX; Schema: public; Owner: POSTGRES
--

CREATE INDEX django_session_expire_date_a5c62663 ON public.django_session USING btree (expire_date);


--
-- Name: django_session_session_key_c0390e0f_like; Type: INDEX; Schema: public; Owner: POSTGRES
--

CREATE INDEX django_session_session_key_c0390e0f_like ON public.django_session USING btree (session_key varchar_pattern_ops);


--
-- Name: shop_cart_user_id_27925ac6; Type: INDEX; Schema: public; Owner: POSTGRES
--

CREATE INDEX shop_cart_user_id_27925ac6 ON public.shop_cart USING btree (user_id);


--
-- Name: shop_cartitem_cart_id_6bf1447e; Type: INDEX; Schema: public; Owner: POSTGRES
--

CREATE INDEX shop_cartitem_cart_id_6bf1447e ON public.shop_cartitem USING btree (cart_id);


--
-- Name: shop_cartitem_product_id_09e4b7dd; Type: INDEX; Schema: public; Owner: POSTGRES
--

CREATE INDEX shop_cartitem_product_id_09e4b7dd ON public.shop_cartitem USING btree (product_id);


--
-- Name: shop_category_name_11b68823_like; Type: INDEX; Schema: public; Owner: POSTGRES
--

CREATE INDEX shop_category_name_11b68823_like ON public.shop_category USING btree (name varchar_pattern_ops);


--
-- Name: shop_category_slug_4508178e_like; Type: INDEX; Schema: public; Owner: POSTGRES
--

CREATE INDEX shop_category_slug_4508178e_like ON public.shop_category USING btree (slug varchar_pattern_ops);


--
-- Name: shop_order_user_id_00aba627; Type: INDEX; Schema: public; Owner: POSTGRES
--

CREATE INDEX shop_order_user_id_00aba627 ON public.shop_order USING btree (user_id);


--
-- Name: shop_orderitem_order_id_2f1b00cf; Type: INDEX; Schema: public; Owner: POSTGRES
--

CREATE INDEX shop_orderitem_order_id_2f1b00cf ON public.shop_orderitem USING btree (order_id);


--
-- Name: shop_orderitem_product_id_48153f22; Type: INDEX; Schema: public; Owner: POSTGRES
--

CREATE INDEX shop_orderitem_product_id_48153f22 ON public.shop_orderitem USING btree (product_id);


--
-- Name: shop_product_category_id_14d7eea8; Type: INDEX; Schema: public; Owner: POSTGRES
--

CREATE INDEX shop_product_category_id_14d7eea8 ON public.shop_product USING btree (category_id);


--
-- Name: shop_product_sku_20049d15_like; Type: INDEX; Schema: public; Owner: POSTGRES
--

CREATE INDEX shop_product_sku_20049d15_like ON public.shop_product USING btree (sku varchar_pattern_ops);


--
-- Name: shop_product_slug_30bd2d5d_like; Type: INDEX; Schema: public; Owner: POSTGRES
--

CREATE INDEX shop_product_slug_30bd2d5d_like ON public.shop_product USING btree (slug varchar_pattern_ops);


--
-- Name: shop_productimage_product_id_65b3b20c; Type: INDEX; Schema: public; Owner: POSTGRES
--

CREATE INDEX shop_productimage_product_id_65b3b20c ON public.shop_productimage USING btree (product_id);


--
-- Name: shop_productreview_moderated_by_id_8fdcbca1; Type: INDEX; Schema: public; Owner: POSTGRES
--

CREATE INDEX shop_productreview_moderated_by_id_8fdcbca1 ON public.shop_productreview USING btree (moderated_by_id);


--
-- Name: shop_productreview_product_id_cd68779d; Type: INDEX; Schema: public; Owner: POSTGRES
--

CREATE INDEX shop_productreview_product_id_cd68779d ON public.shop_productreview USING btree (product_id);


--
-- Name: shop_productreview_user_id_e5ade595; Type: INDEX; Schema: public; Owner: POSTGRES
--

CREATE INDEX shop_productreview_user_id_e5ade595 ON public.shop_productreview USING btree (user_id);


--
-- Name: taggit_tag_name_58eb2ed9_like; Type: INDEX; Schema: public; Owner: POSTGRES
--

CREATE INDEX taggit_tag_name_58eb2ed9_like ON public.taggit_tag USING btree (name varchar_pattern_ops);


--
-- Name: taggit_tag_slug_6be58b2c_like; Type: INDEX; Schema: public; Owner: POSTGRES
--

CREATE INDEX taggit_tag_slug_6be58b2c_like ON public.taggit_tag USING btree (slug varchar_pattern_ops);


--
-- Name: taggit_tagg_content_8fc721_idx; Type: INDEX; Schema: public; Owner: POSTGRES
--

CREATE INDEX taggit_tagg_content_8fc721_idx ON public.taggit_taggeditem USING btree (content_type_id, object_id);


--
-- Name: taggit_taggeditem_content_type_id_9957a03c; Type: INDEX; Schema: public; Owner: POSTGRES
--

CREATE INDEX taggit_taggeditem_content_type_id_9957a03c ON public.taggit_taggeditem USING btree (content_type_id);


--
-- Name: taggit_taggeditem_object_id_e2d7d1df; Type: INDEX; Schema: public; Owner: POSTGRES
--

CREATE INDEX taggit_taggeditem_object_id_e2d7d1df ON public.taggit_taggeditem USING btree (object_id);


--
-- Name: taggit_taggeditem_tag_id_f4f5b767; Type: INDEX; Schema: public; Owner: POSTGRES
--

CREATE INDEX taggit_taggeditem_tag_id_f4f5b767 ON public.taggit_taggeditem USING btree (tag_id);


--
-- Name: unique_active_product_review; Type: INDEX; Schema: public; Owner: POSTGRES
--

CREATE UNIQUE INDEX unique_active_product_review ON public.shop_productreview USING btree (product_id, user_id) WHERE ((deleted_at IS NULL) AND (user_id IS NOT NULL));


--
-- Name: accounts_userprofile accounts_userprofile_user_id_92240672_fk_auth_user_id; Type: FK CONSTRAINT; Schema: public; Owner: POSTGRES
--

ALTER TABLE ONLY public.accounts_userprofile
    ADD CONSTRAINT accounts_userprofile_user_id_92240672_fk_auth_user_id FOREIGN KEY (user_id) REFERENCES public.auth_user(id) DEFERRABLE INITIALLY DEFERRED;


--
-- Name: auth_group_permissions auth_group_permissio_permission_id_84c5c92e_fk_auth_perm; Type: FK CONSTRAINT; Schema: public; Owner: POSTGRES
--

ALTER TABLE ONLY public.auth_group_permissions
    ADD CONSTRAINT auth_group_permissio_permission_id_84c5c92e_fk_auth_perm FOREIGN KEY (permission_id) REFERENCES public.auth_permission(id) DEFERRABLE INITIALLY DEFERRED;


--
-- Name: auth_group_permissions auth_group_permissions_group_id_b120cbf9_fk_auth_group_id; Type: FK CONSTRAINT; Schema: public; Owner: POSTGRES
--

ALTER TABLE ONLY public.auth_group_permissions
    ADD CONSTRAINT auth_group_permissions_group_id_b120cbf9_fk_auth_group_id FOREIGN KEY (group_id) REFERENCES public.auth_group(id) DEFERRABLE INITIALLY DEFERRED;


--
-- Name: auth_permission auth_permission_content_type_id_2f476e4b_fk_django_co; Type: FK CONSTRAINT; Schema: public; Owner: POSTGRES
--

ALTER TABLE ONLY public.auth_permission
    ADD CONSTRAINT auth_permission_content_type_id_2f476e4b_fk_django_co FOREIGN KEY (content_type_id) REFERENCES public.django_content_type(id) DEFERRABLE INITIALLY DEFERRED;


--
-- Name: auth_user_groups auth_user_groups_group_id_97559544_fk_auth_group_id; Type: FK CONSTRAINT; Schema: public; Owner: POSTGRES
--

ALTER TABLE ONLY public.auth_user_groups
    ADD CONSTRAINT auth_user_groups_group_id_97559544_fk_auth_group_id FOREIGN KEY (group_id) REFERENCES public.auth_group(id) DEFERRABLE INITIALLY DEFERRED;


--
-- Name: auth_user_groups auth_user_groups_user_id_6a12ed8b_fk_auth_user_id; Type: FK CONSTRAINT; Schema: public; Owner: POSTGRES
--

ALTER TABLE ONLY public.auth_user_groups
    ADD CONSTRAINT auth_user_groups_user_id_6a12ed8b_fk_auth_user_id FOREIGN KEY (user_id) REFERENCES public.auth_user(id) DEFERRABLE INITIALLY DEFERRED;


--
-- Name: auth_user_user_permissions auth_user_user_permi_permission_id_1fbb5f2c_fk_auth_perm; Type: FK CONSTRAINT; Schema: public; Owner: POSTGRES
--

ALTER TABLE ONLY public.auth_user_user_permissions
    ADD CONSTRAINT auth_user_user_permi_permission_id_1fbb5f2c_fk_auth_perm FOREIGN KEY (permission_id) REFERENCES public.auth_permission(id) DEFERRABLE INITIALLY DEFERRED;


--
-- Name: auth_user_user_permissions auth_user_user_permissions_user_id_a95ead1b_fk_auth_user_id; Type: FK CONSTRAINT; Schema: public; Owner: POSTGRES
--

ALTER TABLE ONLY public.auth_user_user_permissions
    ADD CONSTRAINT auth_user_user_permissions_user_id_a95ead1b_fk_auth_user_id FOREIGN KEY (user_id) REFERENCES public.auth_user(id) DEFERRABLE INITIALLY DEFERRED;


--
-- Name: content_post content_post_author_id_a90965c2_fk_auth_user_id; Type: FK CONSTRAINT; Schema: public; Owner: POSTGRES
--

ALTER TABLE ONLY public.content_post
    ADD CONSTRAINT content_post_author_id_a90965c2_fk_auth_user_id FOREIGN KEY (author_id) REFERENCES public.auth_user(id) DEFERRABLE INITIALLY DEFERRED;


--
-- Name: django_admin_log django_admin_log_content_type_id_c4bce8eb_fk_django_co; Type: FK CONSTRAINT; Schema: public; Owner: POSTGRES
--

ALTER TABLE ONLY public.django_admin_log
    ADD CONSTRAINT django_admin_log_content_type_id_c4bce8eb_fk_django_co FOREIGN KEY (content_type_id) REFERENCES public.django_content_type(id) DEFERRABLE INITIALLY DEFERRED;


--
-- Name: django_admin_log django_admin_log_user_id_c564eba6_fk_auth_user_id; Type: FK CONSTRAINT; Schema: public; Owner: POSTGRES
--

ALTER TABLE ONLY public.django_admin_log
    ADD CONSTRAINT django_admin_log_user_id_c564eba6_fk_auth_user_id FOREIGN KEY (user_id) REFERENCES public.auth_user(id) DEFERRABLE INITIALLY DEFERRED;


--
-- Name: shop_cart shop_cart_user_id_27925ac6_fk_auth_user_id; Type: FK CONSTRAINT; Schema: public; Owner: POSTGRES
--

ALTER TABLE ONLY public.shop_cart
    ADD CONSTRAINT shop_cart_user_id_27925ac6_fk_auth_user_id FOREIGN KEY (user_id) REFERENCES public.auth_user(id) DEFERRABLE INITIALLY DEFERRED;


--
-- Name: shop_cartitem shop_cartitem_cart_id_6bf1447e_fk_shop_cart_id; Type: FK CONSTRAINT; Schema: public; Owner: POSTGRES
--

ALTER TABLE ONLY public.shop_cartitem
    ADD CONSTRAINT shop_cartitem_cart_id_6bf1447e_fk_shop_cart_id FOREIGN KEY (cart_id) REFERENCES public.shop_cart(id) DEFERRABLE INITIALLY DEFERRED;


--
-- Name: shop_cartitem shop_cartitem_product_id_09e4b7dd_fk_shop_product_id; Type: FK CONSTRAINT; Schema: public; Owner: POSTGRES
--

ALTER TABLE ONLY public.shop_cartitem
    ADD CONSTRAINT shop_cartitem_product_id_09e4b7dd_fk_shop_product_id FOREIGN KEY (product_id) REFERENCES public.shop_product(id) DEFERRABLE INITIALLY DEFERRED;


--
-- Name: shop_order shop_order_cart_id_5b16e4f1_fk_shop_cart_id; Type: FK CONSTRAINT; Schema: public; Owner: POSTGRES
--

ALTER TABLE ONLY public.shop_order
    ADD CONSTRAINT shop_order_cart_id_5b16e4f1_fk_shop_cart_id FOREIGN KEY (cart_id) REFERENCES public.shop_cart(id) DEFERRABLE INITIALLY DEFERRED;


--
-- Name: shop_order shop_order_user_id_00aba627_fk_auth_user_id; Type: FK CONSTRAINT; Schema: public; Owner: POSTGRES
--

ALTER TABLE ONLY public.shop_order
    ADD CONSTRAINT shop_order_user_id_00aba627_fk_auth_user_id FOREIGN KEY (user_id) REFERENCES public.auth_user(id) DEFERRABLE INITIALLY DEFERRED;


--
-- Name: shop_orderitem shop_orderitem_order_id_2f1b00cf_fk_shop_order_id; Type: FK CONSTRAINT; Schema: public; Owner: POSTGRES
--

ALTER TABLE ONLY public.shop_orderitem
    ADD CONSTRAINT shop_orderitem_order_id_2f1b00cf_fk_shop_order_id FOREIGN KEY (order_id) REFERENCES public.shop_order(id) DEFERRABLE INITIALLY DEFERRED;


--
-- Name: shop_orderitem shop_orderitem_product_id_48153f22_fk_shop_product_id; Type: FK CONSTRAINT; Schema: public; Owner: POSTGRES
--

ALTER TABLE ONLY public.shop_orderitem
    ADD CONSTRAINT shop_orderitem_product_id_48153f22_fk_shop_product_id FOREIGN KEY (product_id) REFERENCES public.shop_product(id) DEFERRABLE INITIALLY DEFERRED;


--
-- Name: shop_product shop_product_category_id_14d7eea8_fk_shop_category_id; Type: FK CONSTRAINT; Schema: public; Owner: POSTGRES
--

ALTER TABLE ONLY public.shop_product
    ADD CONSTRAINT shop_product_category_id_14d7eea8_fk_shop_category_id FOREIGN KEY (category_id) REFERENCES public.shop_category(id) DEFERRABLE INITIALLY DEFERRED;


--
-- Name: shop_productimage shop_productimage_product_id_65b3b20c_fk_shop_product_id; Type: FK CONSTRAINT; Schema: public; Owner: POSTGRES
--

ALTER TABLE ONLY public.shop_productimage
    ADD CONSTRAINT shop_productimage_product_id_65b3b20c_fk_shop_product_id FOREIGN KEY (product_id) REFERENCES public.shop_product(id) DEFERRABLE INITIALLY DEFERRED;


--
-- Name: shop_productreview shop_productreview_moderated_by_id_8fdcbca1_fk_auth_user_id; Type: FK CONSTRAINT; Schema: public; Owner: POSTGRES
--

ALTER TABLE ONLY public.shop_productreview
    ADD CONSTRAINT shop_productreview_moderated_by_id_8fdcbca1_fk_auth_user_id FOREIGN KEY (moderated_by_id) REFERENCES public.auth_user(id) DEFERRABLE INITIALLY DEFERRED;


--
-- Name: shop_productreview shop_productreview_product_id_cd68779d_fk_shop_product_id; Type: FK CONSTRAINT; Schema: public; Owner: POSTGRES
--

ALTER TABLE ONLY public.shop_productreview
    ADD CONSTRAINT shop_productreview_product_id_cd68779d_fk_shop_product_id FOREIGN KEY (product_id) REFERENCES public.shop_product(id) DEFERRABLE INITIALLY DEFERRED;


--
-- Name: shop_productreview shop_productreview_user_id_e5ade595_fk_auth_user_id; Type: FK CONSTRAINT; Schema: public; Owner: POSTGRES
--

ALTER TABLE ONLY public.shop_productreview
    ADD CONSTRAINT shop_productreview_user_id_e5ade595_fk_auth_user_id FOREIGN KEY (user_id) REFERENCES public.auth_user(id) DEFERRABLE INITIALLY DEFERRED;


--
-- Name: taggit_taggeditem taggit_taggeditem_content_type_id_9957a03c_fk_django_co; Type: FK CONSTRAINT; Schema: public; Owner: POSTGRES
--

ALTER TABLE ONLY public.taggit_taggeditem
    ADD CONSTRAINT taggit_taggeditem_content_type_id_9957a03c_fk_django_co FOREIGN KEY (content_type_id) REFERENCES public.django_content_type(id) DEFERRABLE INITIALLY DEFERRED;


--
-- Name: taggit_taggeditem taggit_taggeditem_tag_id_f4f5b767_fk_taggit_tag_id; Type: FK CONSTRAINT; Schema: public; Owner: POSTGRES
--

ALTER TABLE ONLY public.taggit_taggeditem
    ADD CONSTRAINT taggit_taggeditem_tag_id_f4f5b767_fk_taggit_tag_id FOREIGN KEY (tag_id) REFERENCES public.taggit_tag(id) DEFERRABLE INITIALLY DEFERRED;


--
-- PostgreSQL database dump complete
--

\unrestrict pzXVxhIkddtmQ0TwXPLFjwFYoFHIUqbhX8UFBAv80aHLYq9In9C2PqZHZwjJ90i

